Category,Description,Nutrient Data Bank Number,x,y
Butter,"Butter, salted",1001,79.85507,-112.08433
Butter,"Butter, whipped, with salt",1002,79.97134,-112.066635
Butter oil,"Butter oil, anhydrous",1003,79.89914,-112.19788
Cheese,"Cheese, blue",1004,80.00217,-111.1499
Cheese,"Cheese, brick",1005,80.049164,-111.191666
Cheese,"Cheese, brie",1006,79.63916,-111.93816
Cheese,"Cheese, camembert",1007,79.807396,-111.18484
Cheese,"Cheese, cheddar (Includes foods for USDA's Food Distribution Program)",1009,79.84058,-111.27568
Cheese,"Cheese, colby",1011,80.11704,-111.4734
Cheese,"Cheese, cottage, creamed, large or small curd",1012,77.7554,-98.61639
Cheese,"Cheese, cottage, nonfat, uncreamed, dry, large or small curd",1014,77.3207,-98.54966
Cheese,"Cheese, cottage, lowfat, 2% milkfat",1015,77.38572,-98.36643
Cheese,"Cheese, cottage, lowfat, 1% milkfat",1016,77.72684,-98.260704
Cheese,"Cheese, cream",1017,80.01732,-112.66649
Cheese,"Cheese, feta",1019,80.17364,-110.18842
Cheese,"Cheese, fontina",1020,79.87094,-111.35103
Cheese,"Cheese, gouda",1022,80.08672,-110.6422
Cheese,"Cheese, gruyere",1023,80.29205,-110.734245
Cheese,"Cheese, limburger",1024,79.92429,-111.43665
Cheese,"Cheese, monterey",1025,79.99702,-110.97572
Cheese,"Cheese, mozzarella, low moisture, part-skim",1029,80.54142,-110.13447
Cheese,"Cheese, muenster",1030,80.10627,-111.17718
Cheese,"Cheese, parmesan, grated",1032,80.764015,-110.11898
Cheese,"Cheese, provolone",1035,80.253136,-110.6839
Cheese,"Cheese, ricotta, whole milk",1036,77.1361,-100.65916
Cheese,"Cheese, ricotta, part skim milk",1037,77.29582,-99.869156
Cheese,"Cheese, swiss",1040,80.4552,-110.73243
Cheese,"Cheese, pasteurized process, American, vitamin D fortified",1042,80.21119,-110.74992
Cheese spread,"Cheese spread, pasteurized process, American",1048,80.55988,-109.545525
Cream,"Cream, fluid, half and half",1049,77.35382,-100.345566
Cream,"Cream, fluid, light (coffee cream or table cream)",1050,77.275,-101.66213
Cream,"Cream, fluid, heavy whipping",1053,80.10097,-112.5287
Cream,"Cream, whipped, cream topping, pressurized",1054,79.19998,-112.26424
Cream,"Cream, sour, cultured",1056,77.492,-101.887215
Eggnog,Eggnog,1057,77.0619,-99.038055
Cheese,"Cheese, American, nonfat or fat free",1061,81.15742,-109.30752
Cream substitute,"Cream substitute, liquid, with hydrogenated vegetable oil and soy protein",1067,77.80575,-100.09111
Cream substitute,"Cream substitute, powdered",1069,79.73234,-112.101036
Dessert topping,"Dessert topping, semi solid, frozen",1073,79.060814,-111.961945
Sour cream,"Sour cream, imitation, cultured",1074,78.98921,-111.72407
Milk,"Milk, whole, 3.25% milkfat, with added vitamin D",1077,77.5363,-98.5188
Milk,"Milk, reduced fat, fluid, 2% milkfat, with added vitamin A and vitamin D",1079,77.595406,-98.484604
Milk,"Milk, lowfat, fluid, 1% milkfat, with added vitamin A and vitamin D",1082,77.62135,-98.41877
Milk,"Milk, nonfat, fluid, with added vitamin A and vitamin D (fat free or skim)",1085,77.50697,-98.279015
Milk,"Milk, buttermilk, fluid, cultured, lowfat",1088,77.79645,-98.15273
Milk,"Milk, low sodium, fluid",1089,77.52465,-98.82565
Milk,"Milk, dry, whole, with added vitamin D",1090,81.13529,-110.065704
Milk,"Milk, dry, nonfat, regular, without added vitamin A and vitamin D",1091,81.373344,-109.51731
Milk,"Milk, buttermilk, dried",1094,81.19918,-109.89362
Milk,"Milk, canned, condensed, sweetened",1095,80.03598,-109.79828
Milk,"Milk, canned, evaporated, with added vitamin D and without added vitamin A",1096,77.01514,-99.847084
Milk,"Milk, canned, evaporated, nonfat, with added vitamin A and vitamin D",1097,76.89354,-99.06674
Milk,"Milk, chocolate, fluid, commercial, whole, with added vitamin A and vitamin D",1102,77.39682,-99.44571
Milk,"Milk, chocolate, fluid, commercial, reduced fat, with added vitamin A and vitamin D",1103,77.42266,-99.03646
Milk,"Milk, chocolate, lowfat, with added vitamin A and vitamin D",1104,77.39935,-98.760925
Milk,"Milk, goat, fluid, with added vitamin D",1106,77.22574,-98.75055
Milk,"Milk, human, mature, fluid",1107,78.63189,-98.90875
Whey,"Whey, acid, dried",1113,81.532234,-109.7372
Whey,"Whey, sweet, dried",1115,81.43767,-109.89941
Yogurt,"Yogurt, plain, whole milk",1116,77.56602,-98.52016
Yogurt,"Yogurt, plain, low fat",1117,76.98389,-98.65343
Yogurt,"Yogurt, plain, skim milk",1118,77.060196,-98.5668
Egg,"Egg, whole, raw, fresh",1123,83.24965,-96.25958
Egg,"Egg, white, raw, fresh",1124,77.666504,-97.734024
Egg,"Egg, yolk, raw, fresh",1125,82.86173,-96.17801
Egg,"Egg, whole, cooked, hard-boiled",1129,83.29954,-96.23434
Egg,"Egg, whole, dried",1133,82.60452,-96.27534
Egg,"Egg, duck, whole, fresh, raw",1138,83.12333,-96.30241
Egg,"Egg, goose, whole, fresh, raw",1139,83.22571,-96.19464
Egg,"Egg, quail, whole, fresh, raw",1140,83.23661,-96.2554
Butter,"Butter, without salt",1145,79.84414,-112.18238
Milk,"Milk, nonfat, fluid, without added vitamin A and vitamin D (fat free or skim)",1151,77.71091,-98.11096
Milk,"Milk, dry, nonfat, regular, with added vitamin A and vitamin D",1154,81.42044,-109.84211
Cheese,"Cheese, goat, semisoft type",1157,79.965225,-112.02328
Cheese sauce,"Cheese sauce, prepared from recipe",1164,77.61497,-101.47943
Cheese,"Cheese, mexican, queso anejo",1165,80.14897,-111.01108
Cheese,"Cheese, mexican, queso asadero",1166,80.111496,-110.90911
Cheese,"Cheese, low-sodium, cheddar or colby",1169,79.90156,-111.449066
Sour cream,"Sour cream, light",1179,77.31834,-100.15389
Sour cream,"Sour cream, fat free",1180,77.64943,-98.65992
Parmesan cheese topping,"Parmesan cheese topping, fat free",1185,80.90931,-109.30432
Cheese,"Cheese, cream, fat free",1186,80.64764,-109.08117
Cream,"Cream, half and half, fat free",1199,77.19749,-98.41214
Cream substitute,"Cream substitute, flavored, liquid",1205,76.98588,-102.61289
Cream substitute,"Cream substitute, flavored, powdered",1206,78.489784,-111.4429
Cheese,"Cheese, provolone, reduced fat",1208,80.5117,-110.02117
Cheese,"Cheese, Mexican, blend, reduced fat",1209,80.60532,-109.91332
Milk,"Milk, whole, 3.25% milkfat, without added vitamin A and vitamin D",1211,77.70123,-98.29961
Cheese product,"Cheese product, pasteurized process, American, reduced fat, fortified with vitamin D",1215,80.66501,-109.52848
Protein supplement,"Protein supplement, milk based, Muscle Milk, powder",1223,82.78408,-110.31108
Protein supplement,"Protein supplement, milk based, Muscle Milk Light, powder",1224,83.1851,-110.132996
Dulce de Leche,Dulce de Leche,1225,79.97661,-109.686
Egg substitute,"Egg substitute, liquid or frozen, fat free",1226,77.83025,-98.17939
Cheese,"Cheese, fresh, queso fresco",1228,80.33653,-110.419655
Milk,"Milk, buttermilk, fluid, whole",1230,77.82013,-98.3596
Ice cream,"Ice cream, bar or stick, chocolate covered",1237,79.1969,-111.663864
Ice cream cone,"Ice cream cone, chocolate covered, with nuts, flavors other than chocolate",1240,78.61344,-110.79631
Fat free ice cream,"Fat free ice cream, no sugar added, flavors other than chocolate",1243,81.09137,-104.688866
Nutritional supplement for people with diabetes,"Nutritional supplement for people with diabetes, liquid",1250,77.7704,-99.734726
Cheese,"Cheese, Mexican blend",1251,79.86153,-111.072815
Cheese product,"Cheese product, pasteurized process, American, vitamin D fortified",1252,80.693924,-109.92946
Cheese,"Cheese, pasteurized process, American, without added vitamin D",1253,80.29881,-110.46178
Yogurt,"Yogurt, Greek, plain, nonfat (Includes foods for USDA's Food Distribution Program)",1256,77.311104,-98.092445
Cheese spread,"Cheese spread, American or Cheddar cheese base, reduced fat",1259,80.69329,-109.20459
Cheese,"Cheese, cheddar, reduced fat (Includes foods for USDA's Food Distribution Program)",1260,80.72206,-109.98619
Ice cream bar,"Ice cream bar, stick or nugget, with crunch coating",1264,79.039215,-111.591866
Cheese,"Cheese, cheddar, nonfat or fat free",1265,80.59569,-109.34893
Cheese,"Cheese, Swiss, nonfat or fat free",1266,80.736206,-109.28454
Cheese,"Cheese, mexican, queso cotija",1267,80.26251,-110.53251
Yogurt,"Yogurt, Greek, strawberry, lowfat",1284,77.152596,-99.28933
Yogurt,"Yogurt, Greek, strawberry, nonfat",1285,77.46954,-98.86804
Yogurt,"Yogurt, Greek, vanilla, nonfat",1286,77.57478,-98.99557
Yogurt,"Yogurt, Greek, plain, lowfat",1287,77.35996,-98.61663
Kefir,"Kefir, lowfat, plain, LIFEWAY",1289,77.33745,-98.0423
Kefir,"Kefir, lowfat, strawberry, LIFEWAY",1290,77.23369,-98.69677
Milk,"Milk, chocolate, fat free, with added vitamin A and vitamin D",1292,77.41913,-98.96468
Yogurt,"Yogurt, Greek, plain, whole milk",1293,77.29267,-98.77723
Yogurt,"Yogurt, Greek, fruit, whole milk",1294,77.253624,-99.304695
Yogurt,"Yogurt, Greek, vanilla, lowfat",1297,76.96753,-98.95657
Light ice cream,"Light ice cream, Creamsicle",1302,76.94131,-100.87978
Milk,"Milk, chocolate, lowfat, reduced sugar",1305,77.04799,-98.5355
Spices,"Spices, basil, dried",2003,83.24472,-108.9664
Spices,"Spices, caraway seed",2005,82.66239,-109.52571
Spices,"Spices, celery seed",2007,82.83476,-109.90174
Spices,"Spices, chili powder",2009,84.1492,-107.08683
Spices,"Spices, cinnamon, ground",2010,82.56966,-108.733635
Spices,"Spices, cloves, ground",2011,82.9928,-108.94942
Spices,"Spices, coriander leaf, dried",2012,82.95936,-109.25469
Spices,"Spices, cumin seed",2014,83.181625,-109.43602
Spices,"Spices, garlic powder",2020,82.01166,-109.35152
Spices,"Spices, ginger, ground",2021,82.872475,-108.93202
Spices,"Spices, marjoram, dried",2023,83.41072,-109.116905
Spices,"Spices, mustard seed, ground",2024,82.505196,-110.64011
Spices,"Spices, nutmeg, ground",2025,81.4109,-110.44022
Spices,"Spices, onion powder",2026,82.46648,-109.137115
Spices,"Spices, oregano, dried",2027,82.96139,-109.03303
Spices,"Spices, paprika",2028,84.09784,-106.99522
Spices,"Spices, parsley, dried",2029,83.144875,-108.77296
Spices,"Spices, pepper, black",2030,82.763596,-108.60425
Spices,"Spices, pepper, red or cayenne",2031,83.77052,-107.2111
Spices,"Spices, poultry seasoning",2034,83.28997,-108.14667
Spices,"Spices, pumpkin pie spice",2035,82.87196,-109.03114
Spices,"Spices, sage, ground",2038,83.29054,-108.43949
Spices,"Spices, thyme, dried",2042,83.96218,-108.706345
Spices,"Spices, turmeric, ground",2043,82.909454,-109.32412
Basil,"Basil, fresh",2044,83.46884,-107.39224
Mustard,"Mustard, prepared, yellow",2046,81.101074,-103.3318
Salt,"Salt, table, iodized",2047,81.859344,-102.72576
Vinegar,"Vinegar, cider",2048,80.067604,-97.17889
Vanilla extract,"Vanilla extract, imitation, no alcohol",2052,78.288246,-99.54488
Vinegar,"Vinegar, distilled",2053,79.90091,-96.78387
Capers,"Capers, canned",2054,81.12086,-102.536804
Horseradish,"Horseradish, prepared",2055,80.26033,-102.010864
Clif Z bar,Clif Z bar,3000,81.42293,-109.29787
Babyfood,"Babyfood, juice treats, fruit medley, toddler",3001,74.67313,-97.4724
Babyfood,"Babyfood, meat, beef, strained",3002,81.40525,-99.47099
Babyfood,"Babyfood, meat, beef, junior",3003,81.466484,-99.47937
Babyfood,"Babyfood, meat, veal, strained",3005,81.82724,-99.63893
Babyfood,"Babyfood, meat, ham, strained",3008,81.228355,-99.768456
Babyfood,"Babyfood, meat, lamb, strained",3010,81.95183,-99.49435
Babyfood,"Babyfood, meat, chicken, strained",3012,81.769485,-100.07842
Babyfood,"Babyfood, meat, chicken, junior",3013,81.671326,-100.21678
Babyfood,"Babyfood, meat, chicken sticks, junior",3014,81.58673,-100.24357
Babyfood,"Babyfood, meat, turkey, strained",3015,81.39235,-99.79492
Babyfood,"Babyfood, meat, turkey, junior",3016,81.38607,-99.93493
Babyfood,"Babyfood, meat, turkey sticks, junior",3017,81.74992,-100.435974
Babyfood,"Babyfood, snack, GERBER GRADUATE FRUIT  STRIPS, Real Fruit Bars",3019,75.47301,-97.33276
Babyfood,"Babyfood, meat, meat sticks, junior",3021,81.59302,-100.25961
Babyfood,"Babyfood, finger snacks, GERBER, GRADUATES, PUFFS, apple and cinnamon",3023,84.54751,-109.14961
Babyfood,"Babyfood, water, bottled, GERBER, without added fluoride",3024,79.66189,-96.13223
Babyfood,"Babyfood, tropical fruit medley",3026,79.4975,-100.64622
Babyfood,"Babyfood, dinner, macaroni and tomato and beef, strained",3044,84.2611,-105.52058
Babyfood,"Babyfood, dinner, macaroni and tomato and beef, junior",3045,84.383644,-104.98357
Babyfood,"Babyfood, ravioli, cheese filled, with tomato sauce",3046,83.03222,-103.75151
Babyfood,"Babyfood, dinner, beef noodle, strained",3047,83.88823,-105.11036
Babyfood,"Babyfood, macaroni and cheese, toddler",3048,78.487274,-99.69401
Babyfood,"Babyfood, dinner, spaghetti and tomato and meat, junior",3050,84.03688,-104.98136
Babyfood,"Babyfood, dinner, beef stew, toddler",3052,84.07651,-104.87436
Babyfood,"Babyfood, dinner, vegetables and beef, strained",3053,84.78271,-106.06995
Babyfood,"Babyfood, dinner, vegetables and beef, junior",3054,84.9174,-106.1711
Babyfood,"Babyfood, dinner, beef with vegetables",3055,84.8392,-106.00489
Babyfood,"Babyfood, dinner, chicken noodle, strained",3068,84.89812,-105.63563
Babyfood,"Babyfood, dinner, chicken noodle, junior",3069,84.64849,-105.47822
Babyfood,"Babyfood, dinner, chicken soup, strained",3070,84.65083,-105.42855
Babyfood,"Babyfood, dinner, chicken stew, toddler",3072,84.27438,-105.24949
Babyfood,"Babyfood, dinner, vegetables chicken, strained",3073,84.95297,-106.15126
Babyfood,"Babyfood, dinner, pasta with vegetables",3077,82.6948,-105.143265
Babyfood,"Babyfood, dinner, turkey and rice, strained",3082,84.4069,-105.76554
Babyfood,"Babyfood, dinner, turkey and rice, junior",3083,84.07016,-105.14786
Babyfood,"Babyfood, dinner, vegetables and turkey, strained",3084,84.795586,-105.80404
Babyfood,"Babyfood, dinner, vegetables and turkey, junior",3085,85.00263,-105.98825
Babyfood,"Babyfood, dinner, macaroni and cheese, strained",3089,78.553665,-99.424805
Babyfood,"Babyfood, dinner, macaroni and cheese, junior",3090,78.96175,-98.88091
Babyfood,"Babyfood, vegetables, green beans, strained",3091,83.22698,-106.3301
Babyfood,"Babyfood, vegetables, green beans, junior",3092,82.97939,-105.91389
Babyfood,"Babyfood, green beans, dices, toddler",3093,83.01431,-105.823364
Babyfood,"Babyfood, vegetable, green beans and potatoes",3096,80.001,-101.93689
Babyfood,"Babyfood, vegetables, beets, strained",3098,80.19154,-101.65519
Babyfood,"Babyfood, vegetables, carrots, strained",3099,84.49428,-105.621445
Babyfood,"Babyfood, vegetables, carrots, junior",3100,84.28609,-105.70347
Babyfood,"Babyfood, vegetables, squash, strained",3104,83.536606,-105.92347
Babyfood,"Babyfood, vegetables, squash, junior",3105,83.56986,-105.85263
Babyfood,"Babyfood, vegetables, sweet potatoes strained",3108,84.03294,-106.16472
Babyfood,"Babyfood, vegetables, sweet potatoes, junior",3109,84.41357,-106.48706
Babyfood,"Babyfood, potatoes, toddler",3112,80.089165,-101.18112
Babyfood,"Babyfood, vegetable, butternut squash and corn",3114,84.14296,-106.23458
Babyfood,"Babyfood, apples, dices, toddler",3115,80.8884,-101.05676
Babyfood,"Babyfood, fruit, applesauce, strained",3116,80.21199,-100.69721
Babyfood,"Babyfood, fruit, applesauce, junior",3117,80.259514,-100.58007
Babyfood,"Babyfood, fruit, apricot with tapioca, strained",3118,80.28126,-101.039856
Babyfood,"Babyfood, vegetables, corn, creamed, strained",3119,80.54046,-103.01262
Babyfood,"Babyfood, vegetables, corn, creamed, junior",3120,81.264046,-103.995544
Babyfood,"Babyfood, vegetables, peas, strained",3121,83.031395,-106.77816
Babyfood,"Babyfood, peas, dices, toddler",3122,83.10845,-106.92274
Babyfood,"Babyfood, vegetables, spinach, creamed, strained",3127,83.90605,-106.92299
Babyfood,"Babyfood, fruit, apricot with tapioca, junior",3128,79.99348,-101.25754
Babyfood,"Babyfood, fruit, bananas with tapioca, strained",3129,79.88925,-101.47632
Babyfood,"Babyfood, fruit, peaches, strained",3130,80.34212,-100.72102
Babyfood,"Babyfood, fruit, peaches, junior",3131,80.4003,-100.67991
Babyfood,"Babyfood, fruit, pears, strained",3132,79.89727,-101.3532
Babyfood,"Babyfood, fruit, pears, junior",3133,79.892654,-101.548225
Babyfood,"Babyfood, fruit, plums with tapioca, without ascorbic acid, strained",3134,78.38379,-100.72186
Babyfood,"Babyfood, fruit, plums with tapioca, without ascorbic acid, junior",3135,78.242294,-100.82892
Babyfood,"Babyfood, fruit, prunes with tapioca, without ascorbic acid, strained",3136,78.69523,-101.305725
Babyfood,"Babyfood, prunes, without vitamin c, strained",3139,78.381645,-101.412094
Babyfood,"Babyfood, fruit dessert, mango with tapioca",3140,78.6524,-100.701096
Babyfood,"Babyfood, pears, dices, toddler",3141,79.97919,-100.501625
Babyfood,"Babyfood, fruit, applesauce and apricots, strained",3142,79.579895,-100.95387
Babyfood,"Babyfood, fruit, applesauce and apricots, junior",3143,79.4688,-101.0587
Babyfood,"Babyfood, fruit, applesauce and cherries, strained",3144,80.399826,-100.57395
Babyfood,"Babyfood, fruit, applesauce and cherries, junior",3145,80.20355,-100.594826
Babyfood,"Babyfood, fruit, applesauce with banana, junior",3147,79.722,-101.31762
Babyfood,"Babyfood, fruit, apple and raspberry, strained",3152,79.17924,-100.81799
Babyfood,"Babyfood, fruit, apple and raspberry, junior",3153,79.442696,-100.76367
Babyfood,"Babyfood, fruit and vegetable, apple and sweet potato",3154,84.1517,-106.40749
Babyfood,"Babyfood, fruit, bananas and pineapple with tapioca, junior",3156,79.2277,-100.84211
Babyfood,"Babyfood, fruit, bananas and pineapple with tapioca, strained",3157,78.89891,-100.835846
Babyfood,"Babyfood, fruit, pears and pineapple, strained",3158,79.99657,-101.35106
Babyfood,"Babyfood, fruit, pears and pineapple, junior",3159,79.70511,-101.457344
Babyfood,"Babyfood, peaches, dices, toddler",3161,79.97564,-100.16436
Babyfood,"Babyfood, fruit, bananas with apples and pears, strained",3163,78.411964,-101.18122
Babyfood,"Babyfood, fruit, apple and blueberry, strained",3164,79.105934,-100.81659
Babyfood,"Babyfood, fruit, apple and blueberry, junior",3165,79.00396,-101.17085
Babyfood,"Babyfood, juice, apple",3166,80.715965,-100.52651
Babyfood,"Babyfood, apple-banana juice",3167,80.097084,-99.81889
Babyfood,"Babyfood, juice, apple and peach",3168,80.89132,-100.47644
Babyfood,"Babyfood, juice, apple and prune",3171,80.80162,-100.675606
Babyfood,"Babyfood, juice, orange",3172,80.86987,-100.85034
Babyfood,"Babyfood, juice, orange and apple and banana",3174,80.30065,-99.95032
Babyfood,"Babyfood, juice, mixed fruit",3179,80.93252,-100.65002
Babyfood,"Babyfood, cereal, barley, dry fortified",3181,83.945656,-109.21274
Babyfood,"Babyfood, cereal, whole wheat, with apples, dry fortified",3184,83.76939,-109.17527
Babyfood,"Babyfood, cereal, mixed, dry fortified",3185,84.15197,-109.37461
Babyfood,"Babyfood, cereal, mixed, with bananas, dry",3186,84.391396,-109.22006
Babyfood,"Babyfood, cereal, mixed, with applesauce and bananas, strained",3187,78.930954,-100.07181
Babyfood,"Babyfood, cereal, mixed, with applesauce and bananas, junior, fortified",3188,79.08401,-99.8805
Babyfood,"Babyfood, cereal, oatmeal, dry fortified",3189,84.255585,-109.20638
Babyfood,"Babyfood, cereal, oatmeal, with bananas, dry",3190,83.84964,-109.332054
Babyfood,"Babyfood, cereal, oatmeal, with applesauce and bananas, strained",3191,78.817795,-100.66053
Babyfood,"Babyfood, cereal, oatmeal, with applesauce and bananas, junior, fortified",3192,78.95232,-100.130646
Babyfood,"Babyfood, cereal, rice, dry fortified",3194,84.14011,-109.031235
Babyfood,"Babyfood, cereal, rice, with applesauce and bananas, strained",3195,79.382996,-99.99249
Babyfood,"Babyfood, oatmeal cereal with fruit, dry, instant, toddler fortified",3205,83.030754,-109.15524
Babyfood,"Babyfood, cookie, baby, fruit",3206,84.68138,-106.354256
Babyfood,"Babyfood, crackers, vegetable",3209,84.6432,-106.82235
Babyfood,"Babyfood, cereal, rice, with bananas, dry",3212,84.312126,-109.127975
Babyfood,"Babyfood, cookies",3213,84.34612,-110.25087
Babyfood,"Babyfood, pretzels",3215,79.978226,-107.78419
Babyfood,"Babyfood, teething biscuits",3216,80.71906,-108.6058
Zwieback,Zwieback,3217,79.630554,-108.3022
Babyfood,"Babyfood, dessert, dutch apple, strained",3220,78.267586,-100.76877
Babyfood,"Babyfood, dessert, dutch apple, junior",3221,78.202866,-100.398834
Babyfood,"Babyfood, cherry cobbler, junior",3222,78.719734,-100.20523
Babyfood,"Babyfood, dessert, cherry vanilla pudding, strained",3224,78.5872,-100.001884
Babyfood,"Babyfood, dessert, cherry vanilla pudding, junior",3225,78.02512,-100.287895
Babyfood,"Babyfood, dessert, peach cobbler, strained",3227,79.13791,-100.38838
Babyfood,"Babyfood, dessert, peach cobbler, junior",3228,79.00651,-100.36129
Babyfood,"Babyfood, dessert, fruit pudding, pineapple, strained",3233,79.06245,-100.52798
Babyfood,"Babyfood, dessert, fruit dessert, without ascorbic acid, strained",3235,78.67526,-100.37903
Babyfood,"Babyfood, dessert, fruit dessert, without ascorbic acid, junior",3236,78.44222,-100.25326
Babyfood,"Babyfood, dessert, custard pudding, vanilla, strained",3245,77.99072,-99.65967
Babyfood,"Babyfood, dessert, custard pudding, vanilla, junior",3246,78.0307,-99.871635
Babyfood,"Babyfood, juice, apple and grape",3265,80.25988,-99.89474
Babyfood,"Babyfood, juice, fruit punch, with calcium",3267,79.57354,-99.81514
Babyfood,"Babyfood, juice, apple, with calcium",3269,79.77766,-99.45027
Babyfood,"Babyfood, dinner, vegetables and chicken, junior",3274,84.97058,-105.597534
Babyfood,"Babyfood, dinner, mixed vegetable, junior",3279,84.65108,-106.3582
Babyfood,"Babyfood, fruit, bananas with tapioca, junior",3280,79.428444,-101.20781
Babyfood,"Babyfood, vegetables, mix vegetables junior",3282,84.62199,-106.268456
Babyfood,"Babyfood, vegetables, garden vegetable, strained",3283,84.170815,-106.279724
Babyfood,"Babyfood, dinner, beef noodle, junior",3287,83.91112,-104.77261
Babyfood,"Babyfood, apples with ham, strained",3289,79.554115,-101.35511
Babyfood,"Babyfood, carrots and beef, strained",3290,84.490204,-105.763535
Babyfood,"Babyfood, plums, bananas and rice, strained",3293,79.31538,-100.89004
Babyfood,"Babyfood, dinner, turkey, rice, and vegetables, toddler",3296,83.95962,-105.098595
Babyfood,"Babyfood, dinner, apples and chicken, strained",3297,79.751656,-101.55946
Babyfood,"Babyfood, dinner, broccoli and chicken, junior",3298,83.0541,-106.4289
Babyfood,"Babyfood, beverage, GERBER, GRADUATES, FRUIT SPLASHERS",3301,80.53457,-99.46642
Babyfood,"Babyfood, snack, GERBER, GRADUATES, YOGURT MELTS",3302,81.049706,-109.509384
Babyfood,"Babyfood, dinner, sweet potatoes and chicken, strained",3303,84.26602,-106.262314
Infant formula,"Infant formula, MEAD JOHNSON, PREGESTIMIL, with iron, powder, not reconstituted",3821,82.249176,-110.35376
Infant formula,"Infant formula, MEAD JOHNSON, ENFAMIL, NUTRAMIGEN LIPIL, with iron, powder, not reconstituted, with ARA and DHA",3838,81.709076,-110.46719
Infant formula,"Infant formula, MEAD JOHNSON, ENFAMIL, PROSOBEE LIPIL, with iron, powder, not reconstituted, with ARA and DHA",3852,81.74136,-110.15544
Child formula,"Child formula, ABBOTT NUTRITION, PEDIASURE, ready-to-feed",3860,77.77872,-99.184235
Infant formula,"Infant formula, NESTLE, GOOD START SOY, with ARA and DHA, powder",3867,81.84511,-110.345345
Child formula,"Child formula, ABBOTT NUTRITION, PEDIASURE, ready-to-feed, with iron and fiber",3870,77.92705,-99.45335
Babyfood,"Babyfood, corn and sweet potatoes, strained",3934,84.00489,-106.15982
Infant formula,"Infant formula, ABBOTT NUTRITION, SIMILAC, ALIMENTUM, ADVANCE, ready-to-feed, with ARA and DHA",3935,78.48492,-98.58112
Infant formula,"Infant formula, MEAD JOHNSON, ENFAMIL, AR, powder, with ARA and DHA",3943,82.02595,-110.32487
Infant formula,"Infant formula, ABBOTT NUTRITION, SIMILAC, NEOSURE, powder, with ARA and DHA",3945,83.02867,-110.50747
Infant formula,"Infant formula, ABBOTT NUTRITION, SIMILAC, SENSITIVE, (LACTOSE FREE), powder, with ARA and DHA",3948,80.160614,-110.76184
Infant formula,"Infant formula, ABBOTT NUTRITION, SIMILAC, ADVANCE, with iron, powder, not reconstituted",3950,82.36548,-110.32063
Infant formula,"Infant formula, ABBOTT NUTRITION, SIMILAC, ISOMIL, ADVANCE with iron, powder, not reconstituted",3954,81.67642,-110.34401
Infant Formula,"Infant Formula, MEAD JOHNSON, ENFAMIL, ENFACARE LIPIL, ready-to-feed, with ARA and DHA",3955,77.92911,-98.72137
Babyfood,"Babyfood, yogurt, whole milk, with fruit, multigrain cereal and added DHA fortified",3956,77.27181,-99.57038
Babyfood,"Babyfood, mashed cheddar potatoes and broccoli, toddlers",3959,80.79136,-101.65211
Babyfood,"Babyfood, fortified cereal bar, fruit filling",3964,82.94977,-109.529976
Babyfood,"Babyfood, yogurt, whole milk, with fruit, multigrain cereal and added iron fortified",3965,77.51671,-99.43424
Toddler formula,"Toddler formula, MEAD JOHNSON, ENFAGROW, PREMIUM (formerly ENFAMIL, LIPIL, NEXT STEP), powder",3967,81.80892,-110.100815
Infant Formula,"Infant Formula, MEAD JOHNSON, ENFAMIL, GENTLEASE, powder",3980,81.70951,-110.35084
Infant formula,"Infant formula, MEAD JOHNSON, ENFAMIL, Premature, 20 calories ready-to-feed",3984,78.38877,-98.79557
Infant Formula,"Infant Formula, MEAD JOHNSON, ENFAMIL, Premium, Newborn, ready-to-feed",3986,78.43695,-98.82637
Infant formula,"Infant formula, GERBER, GOOD START 2 Soy, with iron, ready-to-feed",3987,77.88043,-98.712166
Infant formula,"Infant formula, ABBOTT NUTRITION, SIMILAC, Expert Care, Diarrhea, ready- to- feed with ARA and DHA",3992,78.490166,-99.06372
Babyfood,"Babyfood, fruit, banana and strawberry, junior",3994,78.11451,-101.18605
Babyfood,"Babyfood, banana with mixed berries, strained",3995,78.37597,-101.163345
Babyfood,"Babyfood, Multigrain whole grain cereal, dry fortified",3996,84.118004,-109.260765
Babyfood,"Babyfood, Baby MUM MUM Rice Biscuits",3997,80.71036,-108.24493
Babyfood,"Babyfood, Snack, GERBER, GRADUATES, LIL CRUNCHIES, baked whole grain corn snack",3998,81.43975,-111.23555
Infant formula,"Infant formula, ABBOTT NUTRITION, SIMILAC, For Spit Up, powder, with ARA and DHA",3999,80.068245,-110.83429
Fat,"Fat, beef tallow",4001,80.160904,-112.298225
Lard,Lard,4002,80.48344,-112.515625
Salad dressing,"Salad dressing, KRAFT Mayo Fat Free Mayonnaise Dressing",4013,80.019005,-101.91757
Salad dressing,"Salad dressing, russian dressing",4015,81.39498,-113.31507
Salad dressing,"Salad dressing, sesame seed dressing, regular",4016,81.45435,-113.05366
Salad dressing,"Salad dressing, thousand island, commercial, regular",4017,81.48175,-113.265755
Salad dressing,"Salad dressing, mayonnaise type, regular, with salt",4018,81.28971,-113.27148
Salad dressing,"Salad dressing, french dressing, reduced fat",4020,82.86625,-103.72091
Salad dressing,"Salad dressing, italian dressing, commercial, reduced fat",4021,80.54156,-102.61786
Salad dressing,"Salad dressing, russian dressing, low calorie",4022,82.079834,-103.36596
Salad dressing,"Salad dressing, thousand island dressing, reduced fat",4023,82.892555,-103.745995
Salad dressing,"Salad dressing, mayonnaise, regular",4025,81.363,-112.77089
Salad dressing,"Salad dressing, mayonnaise, imitation, soybean",4027,81.01311,-113.42046
Sandwich spread,"Sandwich spread, with chopped pickle, regular, unspecified oils",4030,81.45271,-113.09403
Oil,"Oil, wheat germ",4038,81.89757,-112.31554
Oil,"Oil, peanut, salad or cooking",4042,81.43386,-112.53768
Oil,"Oil, soybean, salad or cooking",4044,81.6636,-112.73331
Oil,"Oil, coconut",4047,79.66514,-111.79
Oil,"Oil, olive, salad or cooking",4053,81.02721,-112.36321
Oil,"Oil, sesame, salad or cooking",4058,81.509384,-112.811226
Salad dressing,"Salad dressing, italian dressing, commercial, regular",4114,81.17039,-113.434296
Salad dressing,"Salad dressing, french dressing, commercial, regular",4120,81.36198,-113.21998
Margarine,"Margarine,spread, 35-39% fat, tub",4128,80.85849,-113.01198
Salad dressing,"Salad dressing, home recipe, vinegar and oil",4135,81.24386,-113.02173
Salad dressing,"Salad dressing, french dressing, fat-free",4367,79.42939,-102.046104
Oil,"Oil, cottonseed, salad or cooking",4502,81.547554,-112.696304
Oil,"Oil, sunflower, linoleic, (approx. 65%)",4506,81.8392,-112.550026
Oil,"Oil, safflower, salad or cooking, high oleic (primary safflower oil of commerce)",4511,81.20376,-112.36184
Oil,"Oil, corn, industrial and retail, all purpose salad or cooking",4518,81.73962,-112.78618
Oil,"Oil, walnut",4528,81.5049,-112.766624
Oil,"Oil, almond",4529,81.35526,-112.374374
Salad dressing,"Salad dressing, blue or roquefort cheese dressing, commercial, regular",4539,81.38437,-113.181786
Fat,"Fat, chicken",4542,80.832985,-112.79128
Oil,"Oil, soybean, salad or cooking, (partially hydrogenated) and cottonseed",4543,81.758606,-112.83504
Shortening industrial,"Shortening industrial, soybean (hydrogenated) and cottonseed",4554,80.69924,-112.69509
Fat,"Fat, turkey",4575,80.958206,-112.70277
Oil,"Oil, canola",4582,81.44385,-112.52643
Butter,"Butter, light, stick, with salt",4601,80.299,-112.61688
Animal fat,"Animal fat, bacon grease",4609,80.507484,-112.52246
Margarine,"Margarine, regular, 80% fat, composite, stick, with salt",4610,81.04238,-112.79552
Margarine-like,"Margarine-like, vegetable oil spread, 60% fat, tub, with salt",4613,81.46931,-112.840294
Shortening,"Shortening, vegetable, household, composite",4615,81.06501,-112.697205
Margarine,"Margarine, regular, 80% fat, composite, stick, without salt",4617,81.161514,-112.83451
Salad dressing,"Salad dressing, thousand island dressing, fat-free",4635,82.48637,-103.631775
Salad dressing,"Salad dressing, italian dressing, fat-free",4636,80.86523,-102.38233
Salad dressing,"Salad dressing, ranch dressing, regular",4639,81.301025,-113.35491
Salad dressing,"Salad dressing, mayonnaise, light",4641,81.33277,-113.48923
Oil,"Oil, industrial, coconut, confection fat, typical basis for ice cream coatings",4659,79.683266,-111.87229
Oil,"Oil, PAM cooking spray, original",4679,81.12767,-113.23603
Salad dressing,"Salad dressing, honey mustard dressing, reduced calorie",4686,77.829636,-102.55613
Margarine-like,"Margarine-like, vegetable oil spread, approximately 37% fat, unspecified oils, with salt, with added vitamin D",4690,80.72815,-113.078735
Margarine,"Margarine, regular, 80% fat, composite, stick, with salt, with added vitamin D",4691,81.12504,-112.77606
Margarine-like,"Margarine-like, vegetable oil spread, 60% fat, tub, with salt, with added vitamin D",4694,81.330734,-112.79645
Oil,"Oil, industrial, canola, high oleic",4698,81.29382,-112.521484
Oil,"Oil, industrial, soy, low linolenic",4699,81.590225,-112.73974
Oil,"Oil, industrial, soy, ultra low linolenic",4700,81.66859,-112.86188
Oil,"Oil, industrial, soy, fully hydrogenated",4701,79.634155,-111.82598
Salad dressing,"Salad dressing, honey mustard, regular",4703,81.57542,-113.31396
Salad dressing,"Salad dressing, poppyseed, creamy",4704,81.64003,-113.28001
Salad dressing,"Salad dressing, caesar, fat-free",4705,80.34463,-102.516495
Dressing,"Dressing, honey mustard, fat-free",4706,78.91876,-101.97747
Mayonnaise,"Mayonnaise, reduced fat, with olive oil",4708,80.81237,-113.18215
Salad dressing,"Salad dressing, mayonnaise-type, light",4709,79.71682,-103.02484
Chicken,"Chicken, broiler, rotisserie, BBQ, breast, meat only",5000,84.40283,-97.95565
Chicken,"Chicken, broilers or fryers, skin only, raw",5015,80.85592,-112.750946
Chicken,"Chicken, broilers or fryers, skin only, cooked, roasted",5018,80.9476,-112.575424
Chicken,"Chicken, broilers or fryers, giblets, cooked, simmered",5022,82.97063,-96.33629
Chicken,"Chicken, gizzard, all classes, cooked, simmered",5024,83.28121,-96.24192
Chicken,"Chicken, liver, all classes, raw",5027,84.037834,-110.3639
Chicken,"Chicken, liver, all classes, cooked, simmered",5028,83.81273,-110.545135
Chicken,"Chicken, broilers or fryers, back, meat and skin, cooked, roasted",5051,82.083496,-97.62956
Chicken,"Chicken, broiler or fryers, breast, skinless, boneless, meat only, raw",5062,84.19021,-99.0952
Chicken,"Chicken, broilers or fryers, drumstick, meat and skin, cooked, roasted",5069,83.73576,-96.94525
Chicken,"Chicken, broilers or fryers, dark meat, drumstick, meat only, cooked, roasted",5073,84.01346,-96.998924
Chicken,"Chicken, broilers or fryers, neck, meat and skin, cooked simmered",5087,81.862946,-98.6643
Chicken,"Chicken, broilers or fryers, thigh, meat and skin, raw",5091,82.07246,-98.84175
Chicken,"Chicken, broilers or fryers, thigh, meat and skin, cooked, roasted",5094,83.53489,-96.61955
Chicken,"Chicken, broilers or fryers, thigh, meat only, cooked, roasted",5098,83.86466,-96.90787
Chicken,"Chicken, broilers or fryers, wing, meat and skin, cooked, roasted",5103,83.23387,-96.18588
Chicken,"Chicken, broilers or fryers, wing, meat and skin, cooked, stewed",5104,82.204575,-98.004005
Duck,"Duck, domesticated, meat and skin, cooked, roasted",5140,80.526245,-112.51884
Duck,"Duck, domesticated, meat only, cooked, roasted",5142,83.486755,-97.57588
Goose,"Goose, domesticated, meat and skin, cooked, roasted",5147,81.74587,-98.348434
Turkey,"Turkey, whole, meat and skin, raw",5165,83.908806,-99.13737
Turkey,"Turkey, whole, meat and skin, cooked, roasted",5166,84.27503,-97.43264
Turkey,"Turkey, whole, meat only, raw",5167,84.24667,-98.94346
Turkey,"Turkey, whole, meat only, cooked, roasted",5168,84.29215,-97.57443
Turkey,"Turkey, whole, neck, meat only, cooked, simmered",5180,83.98471,-96.585205
Turkey,"Turkey, whole, light meat, meat and skin, cooked, roasted",5182,84.62093,-97.930695
Turkey,"Turkey, whole, dark meat, meat and skin, cooked, roasted",5184,83.737785,-96.57221
Turkey,"Turkey, all classes, light meat, cooked, roasted",5186,84.58383,-97.92442
Turkey,"Turkey, whole, dark meat, cooked, roasted",5188,83.65222,-96.700745
Turkey,"Turkey, all classes, leg, meat and skin, cooked, roasted",5194,83.43469,-97.39274
Turkey,"Turkey, all classes, wing, meat and skin, cooked, roasted",5196,83.75797,-97.35374
Turkey,"Turkey, whole, breast, meat only, cooked, roasted",5220,84.46465,-98.03389
Turkey,"Turkey, whole, wing, meat only, cooked, roasted",5228,84.44276,-97.98064
Turkey,"Turkey, Ground, cooked",5306,84.01272,-97.5555
Chicken,"Chicken, cornish game hens, meat and skin, cooked, roasted",5308,82.622574,-97.25259
Chicken,"Chicken, cornish game hens, meat only, cooked, roasted",5310,84.04452,-98.05243
Chicken,"Chicken, canned, no broth",5311,83.25184,-98.21817
Chicken,"Chicken, broilers or fryers, breast, skinless, boneless, meat only, with added solution, raw",5314,83.98129,-99.58132
Chicken,"Chicken, broiler, rotisserie, BBQ, drumstick, meat only",5319,84.00841,-96.32585
Chicken patty,"Chicken patty, frozen, cooked",5324,80.10905,-105.35501
Chicken,"Chicken, broiler, rotisserie, BBQ, thigh, meat only",5334,83.46362,-96.878456
Chicken,"Chicken, feet, boiled",5335,81.56298,-99.73835
Chicken,"Chicken, broiler, rotisserie, BBQ, breast, meat and skin",5358,84.2236,-97.824066
Chicken,"Chicken, broiler, rotisserie, BBQ, drumstick, meat and skin",5359,83.84111,-96.43555
Chicken,"Chicken, broiler, rotisserie, BBQ, thigh, meat and skin",5361,83.28997,-96.79451
Chicken,"Chicken, broiler, rotisserie, BBQ, wing, meat and skin",5362,82.83206,-96.64823
Ostrich,"Ostrich, ground, cooked, pan-broiled",5642,83.03934,-97.685455
Chicken,"Chicken, broilers or fryers, drumstick, meat only, cooked, braised",5671,83.74846,-97.099396
Chicken,"Chicken, broilers or fryers, dark meat, thigh, meat only, cooked, braised",5672,84.086395,-96.555954
Chicken,"Chicken, broilers or fryers, dark meat, drumstick, meat and skin, cooked, braised",5676,83.78947,-96.98616
Chicken,"Chicken, broilers or fryers, dark meat, thigh, meat and skin, cooked, braised",5677,83.25776,-96.74537
Turkey,"Turkey, dark meat, meat only, with added solution, cooked, roasted",5695,84.04047,-96.73555
Turkey from whole,"Turkey from whole, light meat, meat only, with added solution, cooked, roasted",5697,84.44998,-98.56088
Turkey,"Turkey, skin from whole, (light and dark), with added solution, roasted",5699,80.95462,-112.47356
Turkey,"Turkey, dark meat from whole, meat and skin, with added solution, cooked, roasted",5701,83.96112,-96.92051
Turkey from whole,"Turkey from whole, light meat, meat and skin, with added solution, cooked, roasted",5703,84.493065,-98.337585
Turkey,"Turkey, whole, meat only, with added solution, roasted",5705,84.34789,-98.16107
Turkey,"Turkey, whole, meat and skin, with added solution, roasted",5707,84.19021,-97.78452
Turkey,"Turkey, drumstick, from whole bird, meat only, with added solution, roasted",5725,84.09614,-96.69539
Turkey,"Turkey, retail parts, breast, meat and skin, with added solution, raw",5727,84.059975,-99.15414
Turkey,"Turkey, thigh, from whole bird, meat only, with added solution, roasted",5728,83.996544,-96.80743
Turkey,"Turkey, wing, from whole bird, meat only, with added solution, roasted",5730,84.449425,-98.44355
Turkey,"Turkey, drumstick, from whole bird, meat only, roasted",5739,84.30142,-97.601456
Turkey,"Turkey, thigh, from whole bird, meat only, roasted",5741,83.622986,-96.40252
Turkey,"Turkey, retail parts, thigh, meat and skin, cooked, roasted",5743,83.75925,-96.554924
Turkey,"Turkey, back, from whole bird, meat and skin, with added solution, roasted",5745,84.16336,-97.722694
Soup,"Soup, cream of asparagus, canned, condensed",6001,80.94008,-103.26272
Soup,"Soup, bean with pork, canned, condensed",6004,83.56435,-104.13292
Soup,"Soup, beef broth or bouillon canned, ready-to-serve",6008,79.30491,-97.161674
Soup,"Soup, beef noodle, canned, condensed",6009,83.533585,-104.02685
Soup,"Soup, cream of celery, canned, condensed",6010,79.99662,-102.6338
Soup,"Soup, cheese, canned, condensed",6011,80.03476,-102.326324
Soup,"Soup, chicken broth, canned, condensed",6013,79.65348,-98.56847
Soup,"Soup, chicken, canned, chunky, ready-to-serve",6015,81.13745,-102.56114
Soup,"Soup, cream of chicken, canned, condensed",6016,80.33894,-102.26945
Soup,"Soup, chunky chicken noodle, canned, ready-to-serve",6018,84.65483,-105.30344
Soup,"Soup, chicken noodle, canned, condensed",6019,80.68484,-102.16922
Soup,"Soup, chicken rice, canned, chunky, ready-to-serve",6022,84.91927,-105.70703
Soup,"Soup, chicken with rice, canned, condensed",6023,80.927475,-102.548004
Soup,"Soup, chicken and vegetable, canned, ready-to-serve",6024,84.51705,-105.21259
Soup,"Soup, clam chowder, manhattan style, canned, chunky, ready-to-serve",6027,83.8908,-104.60714
CAMPBELL'S,"CAMPBELL'S, HEALTHY REQUEST, chicken with rice, condensed",6029,83.60438,-104.83979
Soup,"Soup, clam chowder, new england, canned, condensed",6030,80.84871,-98.31563
Soup,"Soup, minestrone, canned, chunky, ready-to-serve",6039,83.97097,-104.60809
Soup,"Soup, minestrone, canned, condensed",6040,83.8433,-105.13483
Soup,"Soup, cream of mushroom, canned, condensed",6043,79.99205,-102.360695
Soup,"Soup, mushroom with beef stock, canned, condensed",6044,83.79031,-103.89098
Soup,"Soup, onion, canned, condensed",6045,80.33462,-101.85358
Soup,"Soup, cream of onion, canned, condensed",6046,80.2196,-102.31714
Soup,"Soup, pea, green, canned, condensed",6049,80.724945,-103.81121
Soup,"Soup, pea, split with ham, canned, chunky, ready-to-serve",6050,84.84142,-105.76108
Soup,"Soup, cream of potato, canned, condensed",6053,80.07073,-102.629295
Soup,"Soup, chunky vegetable, canned, ready-to-serve",6067,84.068985,-104.95822
Soup,"Soup, vegetarian vegetable, canned, condensed",6068,84.00258,-105.212746
Soup,"Soup, chunky beef, canned, ready-to-serve",6070,84.07194,-104.799484
Soup,"Soup, vegetable beef, canned, condensed",6071,84.714165,-106.03475
Soup,"Soup, vegetable with beef broth, canned, condensed",6072,84.92778,-105.599525
Soup,"Soup, beef broth or bouillon, powder, dry",6075,82.135765,-102.52651
Soup,"Soup, cream of vegetable, dry, powder",6101,84.99142,-105.96339
Sauce,"Sauce, teriyaki, ready-to-serve",6112,81.30239,-102.74916
Gravy,"Gravy, beef, canned, ready-to-serve",6116,80.43867,-101.45231
Gravy,"Gravy, chicken, canned or bottled, ready-to-serve",6119,79.50869,-98.05304
Soup,"Soup, chicken noodle, dry, mix",6128,80.573814,-106.397064
Soup,"Soup, chicken mushroom, canned, condensed",6149,80.23675,-102.271255
Sauce,"Sauce, barbecue",6150,83.17542,-103.76095
Soup,"Soup, tomato, canned, condensed",6159,83.602615,-103.990555
Sauce,"Sauce, salsa, ready-to-serve",6164,83.81726,-104.01438
Sauce,"Sauce, ready-to-serve, pepper, TABASCO",6169,83.8314,-105.43176
Soup,"Soup, stock, beef, home-prepared",6170,79.28142,-97.87655
Soup,"Soup, stock, chicken, home-prepared",6172,79.20359,-98.068115
Soup,"Soup, stock, fish, home-prepared",6174,79.217606,-97.56323
Sauce,"Sauce, hoisin, ready-to-serve",6175,79.09437,-102.49105
Sauce,"Sauce, oyster, ready-to-serve",6176,81.240875,-102.71052
Soup,"Soup, minestrone, canned, reduced sodium, ready-to-serve",6177,83.81736,-103.80991
Sauce,"Sauce, fish, ready-to-serve",6179,81.56554,-102.46636
Soup,"Soup, cream of mushroom, canned, condensed, reduced sodium",6182,80.39982,-102.194145
Soup,"Soup, chicken broth, less/reduced sodium, ready to serve",6183,79.41738,-97.15595
Soup,"Soup, beef broth, less/reduced sodium, ready to serve",6188,79.2811,-96.931244
Sauce,"Sauce, teriyaki, ready-to-serve, reduced sodium",6189,80.78292,-102.53932
Soup,"Soup, bean & ham, canned, reduced sodium, prepared with water or ready-to-serve",6190,83.758354,-104.79854
Split pea soup,"Split pea soup, canned, reduced sodium, prepared with water or ready-to serve",6192,83.12273,-106.72785
Split pea with ham soup,"Split pea with ham soup, canned, reduced sodium, prepared with water or ready-to-serve",6193,80.89053,-103.05269
Soup,"Soup, chicken broth, ready-to-serve",6194,79.26893,-96.90268
Soup,"Soup, chicken vegetable with potato and cheese, chunky, ready-to-serve",6208,80.703255,-102.10564
Soup,"Soup, clam chowder, new england, canned, prepared with equal volume low fat (2%) milk",6230,79.336555,-98.35938
Soup,"Soup, cream of shrimp, canned, prepared with equal volume low fat (2%) milk",6256,78.33035,-98.989456
Soup,"Soup, black bean, canned, prepared with equal volume water",6402,80.859024,-102.69461
Soup,"Soup, chicken broth, canned, prepared with equal volume water",6413,79.33297,-97.47155
Soup,"Soup, chicken gumbo, canned, prepared with equal volume water",6417,83.12897,-103.579056
Soup,"Soup, clam chowder, new england, canned, prepared with equal volume water",6430,80.16898,-98.30731
Soup,"Soup, cream of mushroom, canned, prepared with equal volume water",6443,79.65068,-97.52775
Soup,"Soup, pea, green, canned, prepared with equal volume water",6449,80.09146,-102.46139
Soup,"Soup, cream of shrimp, canned, prepared with equal volume water",6456,79.42315,-97.826706
Soup,"Soup, tomato beef with noodle, canned, prepared with equal volume water",6461,83.50375,-103.67014
Soup,"Soup, tomato rice, canned, prepared with equal volume water",6463,83.83143,-104.03329
Soup,"Soup, vegetarian vegetable, canned, prepared with equal volume water",6468,84.096695,-104.813324
Soup,"Soup, vegetable with beef broth, canned, prepared with equal volume water",6472,84.512535,-105.02586
Soup,"Soup, beef broth or bouillon, powder, prepared with water",6475,79.214615,-96.91378
Soup,"Soup, chicken broth or bouillon, dry, prepared with water",6480,79.45647,-96.95494
Soup,"Soup, onion, dry, mix, prepared with water",6494,79.47502,-97.21737
Soup,"Soup, tomato, dry, mix, prepared with water",6498,82.720055,-103.45863
Soup,"Soup, tomato, canned, prepared with equal volume water, commercial",6559,83.794754,-103.918274
Soup,"Soup, ramen noodle, any flavor, dry",6583,80.07802,-107.89706
Soup,"Soup, broccoli cheese, canned, condensed, commercial",6584,83.11634,-106.20342
Soup,"Soup, vegetable broth, ready to serve",6700,79.22071,-96.73319
Soup,"Soup, beef and vegetables, canned, ready-to-serve",6749,84.87382,-105.352905
Sauce,"Sauce, pasta, spaghetti/marinara, ready-to-serve",6931,83.10714,-104.07591
Soup,"Soup, cream of chicken, canned, condensed, reduced sodium",6955,81.878,-103.41616
Soup,"Soup, tomato, canned, condensed, reduced sodium",6956,83.741234,-104.1856
Fish broth,Fish broth,6963,79.244026,-97.59566
Soup,"Soup, cream of mushroom, low sodium, ready-to-serve, canned",6968,79.27472,-97.91169
Soup,"Soup, chicken broth, low sodium, canned",6970,79.22732,-97.31483
Sauce,"Sauce, worcestershire",6971,80.848564,-102.92367
Sauce,"Sauce, tomato chili sauce, bottled, with salt",6972,83.220276,-104.25232
Sauce,"Sauce, pasta, spaghetti/marinara, ready-to-serve, low sodium",6976,83.19217,-104.249084
Soup,"Soup, beef stroganoff, canned, chunky style, ready-to-serve",6980,83.16831,-106.49129
Soup,"Soup, bouillon cubes and granules, low sodium, dry",6981,80.42113,-108.99169
Blood sausage,Blood sausage,7005,80.25768,-112.82262
Bologna,"Bologna, beef",7007,79.845245,-112.84214
Bratwurst,"Bratwurst, pork, cooked",7013,80.5238,-112.48521
Braunschweiger (a liver sausage),"Braunschweiger (a liver sausage), pork",7014,83.71072,-110.380486
Frankfurter,"Frankfurter, beef, unheated",7022,79.94391,-112.93295
Frankfurter,"Frankfurter, turkey",7025,80.54569,-103.78496
Ham,"Ham, sliced, pre-packaged, deli meat (96%fat free, water added)",7028,82.46298,-101.46873
Ham salad spread,Ham salad spread,7031,81.49193,-103.168755
Headcheese,"Headcheese, pork",7034,81.94982,-99.79005
Knackwurst,"Knackwurst, knockwurst, pork, beef",7038,80.23187,-113.21596
Roast beef,"Roast beef, deli style, prepackaged, sliced",7043,82.87393,-99.67805
Mortadella,"Mortadella, beef, pork",7050,79.57453,-112.934265
Pate,"Pate, chicken liver, canned",7053,83.15585,-96.07576
Pepperoni,"Pepperoni, beef and pork, sliced",7057,80.812805,-112.37375
Pickle and pimiento loaf,"Pickle and pimiento loaf, pork",7058,81.03903,-103.723434
Pork sausage,"Pork sausage, link/patty, cooked, pan-fried",7064,80.51756,-113.03102
Poultry salad sandwich spread,Poultry salad sandwich spread,7067,79.590836,-104.973724
Salami,"Salami, cooked, turkey",7070,82.10865,-101.25989
Salami,"Salami, dry or hard, pork, beef",7072,80.59131,-112.489265
Sandwich spread,"Sandwich spread, pork, beef",7073,81.288704,-103.233284
Thuringer,"Thuringer, cervelat, summer sausage, beef, pork",7078,79.68989,-112.6491
Turkey breast,"Turkey breast, sliced, prepackaged",7081,82.42196,-100.67073
Sausage,"Sausage, Vienna, canned, chicken, beef, pork",7083,81.45346,-101.28431
Sausage,"Sausage, Italian, pork, mild, cooked, pan-fried",7089,80.617004,-112.8413
Frankfurter,"Frankfurter, beef, pork, and turkey, fat free",7905,82.04171,-100.83432
Luncheon meat,"Luncheon meat, pork, ham, and chicken, minced, canned, reduced sodium, added ascorbic acid, includes SPAM, 25% less sodium",7906,79.587906,-113.1022
Luncheon meat,"Luncheon meat, pork with ham, minced, canned, includes Spam (Hormel)",7908,79.99043,-112.968285
Sausage,"Sausage, turkey, breakfast links, mild, raw",7919,82.56324,-99.76884
Scrapple,"Scrapple, pork",7951,78.587524,-103.11995
Sausage,"Sausage, breakfast sausage, beef, pre-cooked, unprepared",7954,80.11666,-113.0962
Chicken breast,"Chicken breast, deli, rotisserie seasoned, sliced, prepackaged",7961,82.433395,-101.00542
Frankfurter,"Frankfurter, meat and poultry, unheated",7962,80.14976,-113.294624
Pork sausage,"Pork sausage, link/patty, reduced fat, cooked, pan-fried",7966,81.857216,-97.87283
Kielbasa,"Kielbasa, fully cooked, grilled",7968,80.52933,-113.11108
Bologna,"Bologna, meat and poultry",7971,80.026306,-113.19752
Bacon,"Bacon, turkey, microwaved",7973,82.03895,-97.745735
Bacon,"Bacon, turkey, low sodium",7974,79.99924,-113.42125
Sausage,"Sausage, chicken or turkey, Italian style,  lower sodium",7976,83.428474,-101.630424
Cereals ready-to-eat,"Cereals ready-to-eat, KELLOGG, KELLOGG'S ALL-BRAN Original",8001,84.27811,-109.959145
Cereals ready-to-eat,"Cereals ready-to-eat, POST, ALPHA-BITS",8002,84.04327,-109.82832
Cereals ready-to-eat,"Cereals ready-to-eat, KELLOGG, KELLOGG'S APPLE JACKS",8003,84.09493,-109.93778
Cereals ready-to-eat,"Cereals ready-to-eat, QUAKER, CAP'N CRUNCH",8010,84.23955,-109.54938
Cereals ready-to-eat,"Cereals ready-to-eat, QUAKER, CAP'N CRUNCH with CRUNCHBERRIES",8011,84.42892,-109.377914
Cereals ready-to-eat,"Cereals ready-to-eat, QUAKER, CAP'N CRUNCH'S PEANUT BUTTER CRUNCH",8012,84.42247,-109.51583
Cereals ready-to-eat,"Cereals ready-to-eat, GENERAL MILLS, CHEERIOS",8013,83.96187,-109.899376
Cereals ready-to-eat,"Cereals ready-to-eat, KELLOGG, KELLOGG'S COCOA KRISPIES",8014,84.00543,-110.14979
Cereals ready-to-eat,"Cereals ready-to-eat, POST, COCOA PEBBLES",8015,84.61846,-110.41134
Cereals ready-to-eat,"Cereals ready-to-eat, GENERAL MILLS, COOKIE CRISP",8017,84.924805,-109.70308
Cereals ready-to-eat,"Cereals ready-to-eat, GENERAL MILLS, Corn CHEX",8019,84.57527,-109.29191
Cereals ready-to-eat,"Cereals ready-to-eat, KELLOGG, KELLOGG'S Corn Flakes",8020,84.29372,-109.868126
Cereals ready-to-eat,"Cereals ready-to-eat, KELLOGG, KELLOGG'S CRACKLIN' OAT BRAN",8023,83.307076,-109.678665
Cereals ready-to-eat,"Cereals ready-to-eat, RALSTON CRISP RICE",8025,84.27455,-110.33723
Cereals ready-to-eat,"Cereals ready-to-eat, KELLOGG, KELLOGG'S ALL-BRAN COMPLETE Wheat Flakes",8028,84.83023,-109.88986
Cereals ready-to-eat,"Cereals ready-to-eat, POST Bran Flakes",8029,83.770485,-109.85521
Cereals ready-to-eat,"Cereals ready-to-eat, KELLOGG, KELLOGG'S FROOT LOOPS",8030,84.310196,-109.59224
Cereals ready-to-eat,"Cereals ready-to-eat, KELLOGG'S FROSTED MINI-WHEATS, Big Bite",8031,83.73118,-109.04841
Cereals ready-to-eat,"Cereals ready-to-eat, KELLOGG, KELLOGG'S FROSTED RICE KRISPIES",8032,84.033104,-110.22398
Cereals ready-to-eat,"Cereals ready-to-eat, POST, FRUITY PEBBLES",8034,84.545944,-110.43382
Cereals ready-to-eat,"Cereals ready-to-eat, GENERAL MILLS, GOLDEN GRAHAMS",8035,84.90513,-109.53864
Cereals ready-to-eat,"Cereals ready-to-eat, granola, homemade",8037,82.33585,-110.95652
Cereals ready-to-eat,"Cereals ready-to-eat, POST, GRAPE-NUTS Cereal",8038,83.145424,-108.98398
Cereals ready-to-eat,"Cereals ready-to-eat, POST, GRAPE-NUTS Flakes",8039,83.98974,-109.76795
Cereals ready-to-eat,"Cereals ready-to-eat, GENERAL MILLS, HONEY NUT CHEERIOS",8045,84.586,-109.82464
Cereals ready-to-eat,"Cereals ready-to-eat, POST, Honeycomb Cereal",8046,84.27687,-110.179436
Cereals ready-to-eat,"Cereals ready-to-eat, GENERAL MILLS, KIX",8048,84.52333,-109.64607
Cereals ready-to-eat,"Cereals ready-to-eat, QUAKER, QUAKER OAT LIFE, plain",8049,84.28921,-109.245705
Cereals ready-to-eat,"Cereals ready-to-eat, GENERAL MILLS, LUCKY CHARMS",8050,84.53549,-110.28977
Cereals ready-to-eat,"Cereals ready-to-eat, QUAKER, 100% Natural Granola, Oats, Wheat and Honey",8054,81.92878,-109.70399
Cereals ready-to-eat,"Cereals ready-to-eat, GENERAL MILLS, Honey Nut CHEX",8057,84.800156,-109.32317
Cereals ready-to-eat,"Cereals ready-to-eat, KELLOGG, KELLOGG'S RAISIN BRAN",8060,83.57311,-109.48989
Cereals ready-to-eat,"Cereals ready-to-eat, POST Raisin Bran Cereal",8061,83.420395,-109.450745
Cereals ready-to-eat,"Cereals ready-to-eat, GENERAL MILLS, Rice CHEX",8064,84.54951,-109.46496
Cereals ready-to-eat,"Cereals ready-to-eat, KELLOGG, KELLOGG'S RICE KRISPIES",8065,84.147995,-110.664825
Cereals ready-to-eat,"Cereals ready-to-eat, QUAKER, QUAKER Puffed Rice",8066,79.724434,-107.53941
Cereals ready-to-eat,"Cereals ready-to-eat, KELLOGG, KELLOGG'S SPECIAL K",8067,84.80335,-110.50031
Cereals ready-to-eat,"Cereals ready-to-eat, KELLOGG, KELLOGG'S CORN POPS",8068,84.86088,-110.11187
Cereals ready-to-eat,"Cereals ready-to-eat, KELLOGG, KELLOGG'S FROSTED FLAKES",8069,84.83091,-110.13983
Cereals ready-to-eat,"Cereals ready-to-eat, KELLOGG, KELLOGG'S HONEY SMACKS",8071,84.637375,-110.3459
Cereals ready-to-eat,"Cereals ready-to-eat, POST, GOLDEN CRISP",8073,84.57837,-110.40115
Cereals ready-to-eat,"Cereals ready-to-eat, RALSTON TASTEEOS",8074,84.0916,-109.79467
Cereals ready-to-eat,"Cereals ready-to-eat, GENERAL MILLS, TRIX",8078,84.69631,-110.09916
Cereals ready-to-eat,"Cereals ready-to-eat, POST, Honey Nut Shredded Wheat",8081,83.72329,-108.992805
Cereals ready-to-eat,"Cereals ready-to-eat, GENERAL MILLS, Wheat CHEX",8082,84.04251,-109.09246
Cereals ready-to-eat,"Cereals ready-to-eat, MALT-O-MEAL, CORN BURSTS",8083,84.67536,-110.06165
Cereals ready-to-eat,"Cereals ready-to-eat, wheat germ, toasted, plain",8084,83.08821,-109.77845
Cereals ready-to-eat,"Cereals ready-to-eat, GENERAL MILLS, Multi-Grain CHEERIOS",8087,84.47446,-109.34402
Cereals ready-to-eat,"Cereals ready-to-eat, GENERAL MILLS, WHEATIES",8089,84.84324,-110.07444
Cereals,"Cereals, corn grits, white, regular and quick, enriched, dry",8090,80.47011,-107.473785
Cereals,"Cereals, QUAKER, corn grits, instant, plain, dry",8092,83.60583,-108.74493
Cereals,"Cereals, CREAM OF RICE, dry",8100,83.46324,-108.55653
Cereals,"Cereals, CREAM OF WHEAT, regular, 10 minute cooking, dry",8102,83.454636,-108.7253
Cereals,"Cereals, CREAM OF WHEAT, instant, dry",8106,84.27134,-110.358665
Cereals,"Cereals, oats, regular and quick, not fortified, dry",8120,82.20037,-109.25159
Cereals,"Cereals, oats, instant, fortified, plain, dry",8122,83.32852,-109.44814
Cereals ready-to-eat,"Cereals ready-to-eat, MALT-O-MEAL, MARSHMALLOW MATEYS",8138,84.62766,-109.313065
Cereals,"Cereals, whole wheat hot natural cereal, dry",8144,82.123665,-108.982155
Cereals ready-to-eat,"Cereals ready-to-eat, QUAKER, QUAKER Puffed Wheat",8146,81.95925,-109.211426
Cereals ready-to-eat,"Cereals ready-to-eat, POST, Shredded Wheat, original big biscuit",8147,82.297585,-108.95814
Cereals ready-to-eat,"Cereals ready-to-eat, POST, Shredded Wheat, original spoon-size",8148,82.22551,-109.11974
Cereals ready-to-eat,"Cereals ready-to-eat, GENERAL MILLS, REESE'S PUFFS",8194,84.48501,-110.18043
Cereals,"Cereals, QUAKER, QUAKER MultiGrain Oatmeal, dry",8200,82.35674,-109.10373
Cereals ready-to-eat,"Cereals ready-to-eat, GENERAL MILLS, OATMEAL CRISP, Crunchy Almond",8202,82.659645,-109.01321
Cereals ready-to-eat,"Cereals ready-to-eat, chocolate-flavored frosted puffed corn",8204,84.446625,-110.40815
Cereals ready-to-eat,"Cereals ready-to-eat, MALT-O-MEAL, COCO-ROOS",8206,84.60257,-109.19699
Cereals ready-to-eat,"Cereals ready-to-eat, QUAKER, HONEY GRAHAM OH!S",8211,83.48487,-109.82114
Cereals ready-to-eat,"Cereals ready-to-eat, QUAKER, Oatmeal Squares",8214,83.76805,-109.35804
Cereals ready-to-eat,"Cereals ready-to-eat, QUAKER, Toasted Multigrain Crisps",8216,83.54128,-109.45643
Cereals ready-to-eat,"Cereals ready-to-eat, QUAKER, QUAKER 100% Natural Granola with Oats, Wheat, Honey, and Raisins",8218,81.906845,-109.652626
Cereals ready-to-eat,"Cereals ready-to-eat, QUAKER, Low Fat 100% Natural Granola with Raisins",8220,81.99798,-109.08645
Cereals ready-to-eat,"Cereals ready-to-eat, GENERAL MILLS, Berry Burst CHEERIOS, Triple Berry",8239,84.56286,-109.861336
Cereals ready-to-eat,"Cereals ready-to-eat, GENERAL MILLS, HONEY NUT CLUSTERS",8243,83.803894,-109.63483
Cereals ready-to-eat,"Cereals ready-to-eat, GENERAL MILLS, FIBER ONE Bran Cereal",8244,83.49464,-108.87794
Cereals ready-to-eat,"Cereals ready-to-eat, KELLOGG, KELLOGG'S CRISPIX",8259,84.60731,-109.62901
Cereals ready-to-eat,"Cereals ready-to-eat, GENERAL MILLS, RAISIN NUT BRAN",8261,83.81284,-109.46069
Cereals ready-to-eat,"Cereals ready-to-eat, GENERAL MILLS, APPLE CINNAMON CHEERIOS",8263,84.79192,-109.76057
Cereals ready-to-eat,"Cereals ready-to-eat, GENERAL MILLS, FROSTED CHEERIOS",8267,84.808815,-109.66694
Cereals ready-to-eat,"Cereals ready-to-eat, GENERAL MILLS, FRANKENBERRY",8268,84.74389,-109.77738
Cereals ready-to-eat,"Cereals ready-to-eat, GENERAL MILLS, COUNT CHOCULA",8270,85.08587,-109.87838
Cereals ready-to-eat,"Cereals ready-to-eat, GENERAL MILLS, COCOA PUFFS",8271,84.702354,-109.81659
Cereals ready-to-eat,"Cereals ready-to-eat, GENERAL MILLS, CINNAMON TOAST CRUNCH",8272,84.80712,-110.10092
Cereals ready-to-eat,"Cereals ready-to-eat, KELLOGG, KELLOGG'S MUESLIX",8286,84.11256,-110.66743
Cereals ready-to-eat,"Cereals ready-to-eat, KELLOGG, KELLOGG'S RICE KRISPIES TREATS Cereal",8288,84.42753,-110.40523
Cereals ready-to-eat,"Cereals ready-to-eat, KELLOGG, KELLOGG'S SMART START Strong Heart Antioxidants Cereal",8318,85.113335,-109.916534
Cereals ready-to-eat,"Cereals ready-to-eat, MALT-O-MEAL, COLOSSAL CRUNCH",8346,84.92829,-109.071266
Cereals ready-to-eat,"Cereals ready-to-eat, MALT-O-MEAL, TOOTIE FRUITIES",8349,84.64313,-109.18109
Cereals ready-to-eat,"Cereals ready-to-eat, KELLOGG, KELLOGG'S MARSHMALLOW FROOT LOOPS",8376,84.47939,-109.461426
Cereals ready-to-eat,"Cereals ready-to-eat, KELLOGG, KELLOGG'S, RAISIN BRAN CRUNCH",8380,83.70842,-109.76771
Cereals ready-to-eat,"Cereals ready-to-eat, KELLOGG, KELLOGG'S SPECIAL K Red Berries",8383,84.38752,-109.99116
Cereals ready-to-eat,"Cereals ready-to-eat, KASHI GOLEAN CRUNCH!",8386,82.31109,-109.40595
Cereals ready-to-eat,"Cereals ready-to-eat, KASHI HEART TO HEART, Honey Toasted Oat",8387,83.62707,-110.65683
Cereals ready-to-eat,"Cereals ready-to-eat, KASHI 7 Whole Grain Puffs",8388,82.33773,-108.91492
Cereals ready-to-eat,"Cereals ready-to-eat, KASHI GOLEAN",8393,82.71378,-108.87638
Cereals ready-to-eat,"Cereals ready-to-eat, MALT-O-MEAL, Frosted Flakes",8409,84.66571,-110.087585
Cereals ready-to-eat,"Cereals ready-to-eat, UNCLE SAM CEREAL",8435,82.654305,-109.409805
Cereals ready-to-eat,"Cereals ready-to-eat, KASHI, ORGANIC PROMISE Autumn Wheat",8462,82.100815,-109.18354
Cereals ready-to-eat,"Cereals ready-to-eat, MALT-O-MEAL, Raisin Bran Cereal",8484,83.36675,-109.454445
Cereals ready-to-eat,"Cereals ready-to-eat, MALT-O-MEAL, CINNAMON TOASTERS",8494,84.74083,-109.22895
Cereals ready-to-eat,"Cereals ready-to-eat, MALT-O-MEAL, Cocoa DYNO-BITES",8495,84.16037,-109.696655
Cereals ready-to-eat,"Cereals ready-to-eat, MALT-O-MEAL, Frosted Mini SPOONERS",8500,83.913704,-109.010635
Cereals ready-to-eat,"Cereals ready-to-eat, MALT-O-MEAL, Fruity DYNO-BITES",8501,84.51672,-110.517845
Milk and cereal bar,Milk and cereal bar,8510,82.87138,-109.92106
Cereals ready-to-eat,"Cereals ready-to-eat, GENERAL MILLS, CHOCOLATE LUCKY CHARMS",8513,84.98976,-109.67627
Cereals ready-to-eat,"Cereals ready-to-eat, KELLOGG, SPECIAL K, Fruit & Yogurt",8531,84.33474,-109.645325
Cereals ready-to-eat,"Cereals ready-to-eat, KELLOGG'S, SPECIAL K Vanilla Almond",8543,84.419365,-109.60778
Cereals ready-to-eat,"Cereals ready-to-eat, POST GREAT GRAINS Cranberry Almond Crunch",8544,83.74997,-109.85371
Rice and Wheat cereal bar,Rice and Wheat cereal bar,8546,83.31419,-109.94474
Cereals ready-to-eat,"Cereals ready-to-eat, QUAKER, Christmas Crunch",8550,84.74184,-109.451805
Cereals ready-to-eat,"Cereals ready-to-eat, KASHI GO LEAN CRUNCH!, Honey Almond Flax",8560,82.09357,-109.72634
Cereals ready-to-eat,"Cereals ready-to-eat, NATURE'S PATH, Organic FLAX PLUS, Pumpkin Granola",8571,81.3287,-110.30733
Cereals ready-to-eat,"Cereals ready-to-eat, GENERAL MILLS, 25% Less Sugar CINNAMON TOAST CRUNCH",8579,84.069855,-109.38709
Cereals ready-to-eat,"Cereals ready-to-eat, GENERAL MILLS, Fruity CHEERIOS",8583,84.87846,-109.979065
Cereals ready-to-eat,"Cereals ready-to-eat, KELLOGG'S SPECIAL K Chocolatey Delight",8584,84.28168,-109.98066
Cereals ready-to-eat,"Cereals ready-to-eat, GENERAL MILLS, CHEERIOS, Banana Nut",8592,84.935905,-109.62593
Cereals ready-to-eat,"Cereals ready-to-eat, GENERAL MILLS, CHEERIOS, Chocolate",8593,85.000145,-109.913795
Cereals ready-to-eat,"Cereals ready-to-eat, GENERAL MILLS, Chocolate CHEX",8594,84.7498,-109.21495
Cereals ready-to-eat,"Cereals ready-to-eat, GENERAL MILLS, Cinnamon CHEX",8595,84.84946,-109.7264
Cereals ready-to-eat,"Cereals ready-to-eat, GENERAL MILLS, FIBER ONE, HONEY CLUSTERS",8598,84.37629,-108.90007
Cereals ready-to-eat,"Cereals ready-to-eat, GENERAL MILLS, FIBER ONE, RAISIN BRAN CLUSTERS",8599,83.57144,-109.03151
Cereals ready-to-eat,"Cereals ready-to-eat, KELLOGG, KELLOGG'S SPECIAL K, Cinnamon Pecan",8602,84.51371,-110.12037
Cereals ready-to-eat,"Cereals ready-to-eat, KELLOGG, KELLOGG'S SPECIAL K Blueberry",8603,84.62929,-109.78702
Cereals ready-to-eat,"Cereals ready-to-eat, POST, HONEY BUNCHES OF OATS with vanilla bunches",8633,83.926575,-109.55791
Cereals ready-to-eat,"Cereals ready-to-eat, GENERAL MILLS, Oat Cluster CHEERIOS Crunch",8637,84.70829,-109.83458
Cereals ready-to-eat,"Cereals ready-to-eat, GENERAL MILLS, Honey KIX",8643,84.97896,-109.54787
Cereals ready-to-eat,"Cereals ready-to-eat, NATURE'S PATH, Organic FLAX PLUS flakes",8656,82.10061,-108.78896
Cereals ready-to-eat,"Cereals ready-to-eat, BARBARA'S PUFFINS, original",8657,82.6013,-108.53756
Cereals,"Cereals, oats, instant, fortified, maple and brown sugar, dry",8680,83.91701,-109.70835
Apples,"Apples, raw, with skin (Includes foods for USDA's Food Distribution Program)",9003,79.104935,-101.16539
Apples,"Apples, raw, without skin",9004,79.140625,-100.604195
Apples,"Apples, dried, sulfured, uncooked",9011,74.74913,-98.30883
Apple juice,"Apple juice, canned or bottled, unsweetened, without added ascorbic acid",9016,79.008675,-99.38883
Apple juice,"Apple juice, frozen concentrate, unsweetened, undiluted, without added ascorbic acid",9017,76.01413,-99.79486
Applesauce,"Applesauce, canned, unsweetened, without added ascorbic acid (Includes foods for USDA's Food Distribution Program)",9019,79.17699,-100.16362
Applesauce,"Applesauce, canned, sweetened, without salt",9020,78.2611,-100.60504
Apricots,"Apricots, raw",9021,83.95005,-105.89329
Apricots,"Apricots, canned, water pack, with skin, solids and liquids",9022,84.129875,-105.87268
Apricots,"Apricots, dried, sulfured, uncooked",9032,82.60054,-107.70012
Apricot nectar,"Apricot nectar, canned, with added ascorbic acid",9036,79.89809,-99.78265
Avocados,"Avocados, raw, all commercial varieties",9037,79.417175,-104.07349
Bananas,"Bananas, raw",9040,78.52189,-101.89151
Blackberries,"Blackberries, raw",9042,80.35784,-102.528015
Blackberry juice,"Blackberry juice, canned",9043,79.67213,-99.84468
Cherries,"Cherries, tart, dried, sweetened (Includes foods for USDA's Food Distribution Program)",9044,74.65721,-97.46625
Blackberries,"Blackberries, frozen, unsweetened",9048,79.219246,-102.148094
Blueberries,"Blueberries, raw",9050,79.08326,-101.44623
Blueberries,"Blueberries, frozen, unsweetened (Includes foods for USDA's Food Distribution Program)",9054,79.25947,-101.32342
Breadfruit,"Breadfruit, raw",9059,79.369446,-102.770195
Carambola,"Carambola, (starfruit), raw",9060,80.60664,-101.64945
Cherries,"Cherries, sour, red, canned, water pack, solids and liquids",9064,79.84513,-100.765495
Cherries,"Cherries, sweet, raw",9070,78.65317,-101.08022
Cherries,"Cherries, sweet, canned, water pack, solids and liquids",9071,79.31827,-100.74506
Cranberries,"Cranberries, raw",9078,79.68588,-101.99422
Cranberries,"Cranberries, dried, sweetened (Includes foods for USDA's Food Distribution Program)",9079,74.25369,-97.23821
Cranberry sauce,"Cranberry sauce, canned, sweetened",9081,76.35033,-100.18278
Currants,"Currants, zante, dried",9085,74.51275,-98.39851
Dates,"Dates, deglet noor",9087,74.474464,-98.33588
Figs,"Figs, raw",9089,78.18381,-101.28701
Figs,"Figs, dried, uncooked",9094,81.56167,-108.48559
Fruit cocktail,"Fruit cocktail, (peach and pineapple and pear and grape and cherry), canned, water pack, solids and liquids",9096,79.56697,-100.431114
Grapefruit,"Grapefruit, raw, pink and red, all areas",9112,83.402824,-104.7846
Grapefruit,"Grapefruit, sections, canned, water pack, solids and liquids",9119,80.01705,-100.10462
Grapefruit juice,"Grapefruit juice, white, canned or bottled, unsweetened",9123,80.62488,-100.163246
Grapefruit juice,"Grapefruit juice, white, frozen concentrate, unsweetened, undiluted",9125,79.03877,-100.96844
Grapefruit juice,"Grapefruit juice, pink or red, with added calcium",9127,79.75001,-99.54266
Grapefruit juice,"Grapefruit juice, white, raw",9128,80.56926,-100.13325
Grape juice,"Grape juice, canned or bottled, unsweetened, with added ascorbic acid",9130,79.21935,-100.16666
Grapes,"Grapes, red or green (European type, such as Thompson seedless), raw",9132,78.19863,-100.731514
Grape juice,"Grape juice, canned or bottled, unsweetened, without added ascorbic acid",9135,78.25651,-100.218544
Guavas,"Guavas, common, raw",9139,83.17516,-104.01986
Guava sauce,"Guava sauce, cooked",9143,83.424255,-103.900505
Kiwifruit,"Kiwifruit, green, raw",9148,81.1986,-101.897896
Kumquats,"Kumquats, raw",9149,80.70196,-102.37291
Lemons,"Lemons, raw, without peel",9150,81.012314,-101.7019
Lemon juice,"Lemon juice, raw",9152,80.727844,-99.77339
Lemon juice from concentrate,"Lemon juice from concentrate, canned or bottled",9153,80.436226,-99.039635
Lemon peel,"Lemon peel, raw",9156,81.08259,-103.606636
Limes,"Limes, raw",9159,80.61562,-101.75597
Lime juice,"Lime juice, raw",9160,80.52972,-99.716125
Lime juice,"Lime juice, canned or bottled, unsweetened",9161,80.07018,-98.52835
Blueberries,"Blueberries, dried, sweetened",9163,74.3721,-97.58552
Litchis,"Litchis, raw",9164,80.8015,-100.87659
Mangos,"Mangos, raw",9176,80.07441,-101.043274
Mango,"Mango, dried, sweetened",9178,74.66115,-97.271286
Melons,"Melons, cantaloupe, raw",9181,84.23765,-106.25462
Melons,"Melons, casaba, raw",9183,80.62172,-101.09857
Melons,"Melons, honeydew, raw",9184,79.9169,-100.923775
Nectarines,"Nectarines, raw",9191,79.65205,-100.292786
Olives,"Olives, ripe, canned (small-extra large)",9193,79.94226,-102.70002
Olives,"Olives, ripe, canned (jumbo-super colossal)",9194,80.9448,-103.256744
Olives,"Olives, pickled, canned or bottled, green",9195,80.71247,-103.174614
Oranges,"Oranges, raw, all commercial varieties",9200,80.53628,-100.99862
Orange juice,"Orange juice, raw (Includes foods for USDA's Food Distribution Program)",9206,80.28851,-100.31727
Orange juice,"Orange juice, canned, unsweetened",9207,80.174095,-100.24037
Orange juice,"Orange juice, chilled, includes from concentrate",9209,80.4063,-100.21537
Orange juice,"Orange juice, chilled, includes from concentrate, with added calcium and vitamin D",9210,79.964554,-99.50064
Orange juice,"Orange juice, chilled, includes from concentrate, with added calcium",9211,79.84985,-99.67004
Orange juice,"Orange juice, frozen concentrate, unsweetened, undiluted, with added calcium",9213,81.51752,-107.66025
Orange juice,"Orange juice, frozen concentrate, unsweetened, undiluted",9214,79.40679,-101.303406
Tangerines,"Tangerines, (mandarin oranges), raw",9218,80.36303,-101.10043
Tangerines,"Tangerines, (mandarin oranges), canned, juice pack",9219,81.08249,-101.34163
Tangerine juice,"Tangerine juice, raw",9221,80.02748,-100.49927
Papayas,"Papayas, raw",9226,82.711975,-103.565254
Papaya nectar,"Papaya nectar, canned",9229,79.589096,-100.725174
Passion-fruit,"Passion-fruit, (granadilla), purple, raw",9231,82.06574,-105.435234
Passion-fruit juice,"Passion-fruit juice, purple, raw",9232,80.09435,-100.44462
Peaches,"Peaches, yellow, raw",9236,79.63461,-100.656296
Peaches,"Peaches, canned, water pack, solids and liquids",9237,79.8267,-99.94242
Peaches,"Peaches, dried, sulfured, uncooked",9246,82.22244,-108.28207
Peach nectar,"Peach nectar, canned, with sucralose, without added ascorbic acid",9251,79.005905,-99.41589
Pears,"Pears, raw",9252,79.09463,-101.52905
Pears,"Pears, canned, water pack, solids and liquids",9253,79.96298,-100.468864
Pears,"Pears, dried, sulfured, uncooked",9259,74.79092,-97.9147
Pear nectar,"Pear nectar, canned, without added ascorbic acid",9262,78.12143,-100.14723
Persimmons,"Persimmons, japanese, raw",9263,81.59116,-102.61895
Pineapple,"Pineapple, raw, all varieties",9266,80.549034,-100.55539
Pineapple,"Pineapple, canned, water pack, solids and liquids",9267,79.85035,-100.54868
Pineapple juice,"Pineapple juice, canned or bottled, unsweetened, without added ascorbic acid",9273,78.99601,-99.93561
Plantains,"Plantains, yellow, raw",9277,84.82996,-105.14089
Plums,"Plums, raw",9279,79.362495,-100.91582
Pomegranates,"Pomegranates, raw",9286,78.72114,-101.83434
Plums,"Plums, dried (prunes), uncooked",9291,81.65063,-108.282745
Prune juice,"Prune juice, canned",9294,78.25525,-100.742195
Raisins,"Raisins, dark, seedless (Includes foods for USDA's Food Distribution Program)",9298,74.52856,-98.119995
Raspberries,"Raspberries, raw",9302,80.382965,-103.07374
Rhubarb,"Rhubarb, raw",9307,82.45633,-105.13709
Strawberries,"Strawberries, raw",9316,81.07744,-101.33967
Strawberries,"Strawberries, canned, heavy syrup pack, solids and liquids",9317,78.07183,-100.71671
Strawberries,"Strawberries, frozen, unsweetened (Includes foods for USDA's Food Distribution Program)",9318,80.899216,-101.47783
Tamarinds,"Tamarinds, raw",9322,81.305374,-108.71537
Watermelon,"Watermelon, raw",9326,83.43753,-103.56485
Maraschino cherries,"Maraschino cherries, canned, drained",9328,76.10085,-99.88671
Pears,"Pears, asian, raw",9340,79.50765,-101.91354
Blueberries,"Blueberries, canned, light syrup, drained",9352,78.07206,-101.03876
Apple juice,"Apple juice, canned or bottled, unsweetened, with added ascorbic acid",9400,80.536224,-100.05882
Pineapple juice,"Pineapple juice, canned or bottled, unsweetened, with added ascorbic acid",9409,80.61309,-100.10701
Candied fruit,Candied fruit,9426,74.42166,-96.757065
Guanabana nectar,"Guanabana nectar, canned",9434,78.71717,-99.78191
Mango nectar,"Mango nectar, canned",9436,79.3128,-99.64246
Pomegranate juice,"Pomegranate juice, bottled",9442,78.81202,-99.90083
Juice,"Juice, apple and grape blend, with added ascorbic acid",9443,79.868034,-99.85363
Orange Pineapple Juice Blend,Orange Pineapple Juice Blend,9452,80.40209,-100.24075
Fruit juice smoothie,"Fruit juice smoothie, NAKED JUICE, GREEN MACHINE",9508,79.08025,-100.448975
Grape juice,"Grape juice, canned or bottled, unsweetened, with added ascorbic acid and calcium",9512,79.30995,-100.02069
Apple juice,"Apple juice, canned or bottled, unsweetened, with added ascorbic acid, calcium, and potassium",9517,80.12257,-99.792496
Guava nectar,"Guava nectar, with sucralose, canned",9519,79.58979,-100.223595
Cranberry juice blend,"Cranberry juice blend, 100% juice, bottled, with added vitamin C and calcium",9522,80.33776,-99.82959
Fruit juice smoothie,"Fruit juice smoothie, NAKED JUICE, strawberry banana",9531,79.03259,-100.35418
Pork,"Pork, fresh, composite of trimmed retail cuts (leg, loin, shoulder), separable lean only, raw",10002,83.13987,-100.37125
Pork,"Pork, fresh, composite of trimmed leg, loin, shoulder, and spareribs, (includes cuts to be cured), separable lean and fat, raw",10003,82.30115,-99.55842
Pork,"Pork, fresh, separable fat, cooked",10007,80.79418,-112.761055
Pork,"Pork, fresh, leg (ham), whole, separable lean and fat, cooked, roasted",10009,82.34621,-97.93257
Pork,"Pork, fresh, leg (ham), whole, separable lean only, cooked, roasted",10011,83.022026,-97.42483
Pork,"Pork, fresh, loin, whole, separable lean and fat, raw",10020,82.48163,-99.87076
Pork,"Pork, fresh, loin, whole, separable lean and fat, cooked, roasted",10023,82.423706,-98.913246
Pork,"Pork, fresh, loin, whole, separable lean only, raw",10024,82.86119,-100.24109
Pork,"Pork, fresh, loin, whole, separable lean only, cooked, braised",10025,82.9112,-98.12263
Pork,"Pork, fresh, loin, whole, separable lean only, cooked, roasted",10027,82.72717,-98.82018
Pork,"Pork, fresh, loin, center rib (chops), bone-in, separable lean only, cooked, braised",10049,82.942535,-97.869446
Pork,"Pork, fresh, loin, tenderloin, separable lean only, raw",10060,82.96513,-100.623795
Pork,"Pork, fresh, loin, tenderloin, separable lean only, cooked, roasted",10061,83.056496,-99.93395
Pork,"Pork, fresh, loin, top loin (chops), boneless, separable lean and fat, raw",10062,83.342224,-100.169395
Pork,"Pork, fresh, loin, top loin (chops), boneless, separable lean only, raw",10066,83.54627,-100.18995
Pork,"Pork, fresh, shoulder, whole, separable lean and fat, raw",10070,82.07057,-99.10968
Pork,"Pork, fresh, shoulder, whole, separable lean and fat, cooked, roasted",10071,81.70694,-98.19736
Pork,"Pork, fresh, shoulder, whole, separable lean only, cooked, roasted",10073,82.242874,-97.91539
Pork,"Pork, fresh, shoulder, arm picnic, separable lean and fat, cooked, braised",10075,82.77107,-97.21882
Pork,"Pork, fresh, shoulder, arm picnic, separable lean only, cooked, braised",10078,83.17342,-97.07499
Pork,"Pork, fresh, shoulder, (Boston butt), blade (steaks), separable lean and fat, raw",10080,82.56163,-99.456116
Pork,"Pork, fresh, shoulder, (Boston butt), blade (steaks), separable lean only, raw",10084,83.05379,-99.84294
Pork,"Pork, fresh, shoulder, (Boston butt), blade (steaks), separable lean only, cooked, braised",10085,82.71007,-96.92615
Pork,"Pork, fresh, spareribs, separable lean and fat, raw",10088,81.72081,-98.969536
Pork,"Pork, fresh, spareribs, separable lean and fat, cooked, braised",10089,80.750275,-111.86004
Pork,"Pork, fresh, composite of trimmed retail cuts (leg, loin, and shoulder), separable lean only, cooked",10093,82.75043,-98.907875
Pork,"Pork, fresh, variety meats and by-products, chitterlings, cooked, simmered",10099,82.634125,-96.33779
Pork,"Pork, fresh, variety meats and by-products, stomach, raw",10119,83.47238,-95.995346
Pork,"Pork, cured, bacon, unprepared",10123,80.730385,-112.882774
Pork,"Pork, cured, feet, pickled",10132,81.46209,-101.073586
Pork,"Pork, cured, ham, boneless, regular (approximately 11% fat), roasted",10136,82.30709,-101.68157
Pork,"Pork, cured, ham, extra lean (approximately 4% fat), canned, unheated",10137,82.39101,-101.781105
Pork,"Pork, cured, ham, center slice, country-style, separable lean only, raw",10141,82.10433,-101.90762
Pork,"Pork, cured, ham, whole, separable lean only, unheated",10152,82.275024,-102.04874
Pork,"Pork, cured, ham, whole, separable lean only, roasted",10153,82.56054,-101.67096
Pork,"Pork, cured, salt pork, raw",10165,80.803215,-112.9078
Pork,"Pork, cured, shoulder, arm picnic, separable lean and fat, roasted",10168,81.674095,-98.606316
Pork,"Pork, cured, shoulder, arm picnic, separable lean only, roasted",10169,82.527885,-101.38432
Pork,"Pork, fresh, variety meats and by-products, feet, cooked, simmered",10173,82.7508,-96.82453
Pork,"Pork, cured, ham, boneless, extra lean and regular, unheated",10182,82.43274,-101.95297
Pork,"Pork, cured, ham, boneless, extra lean and regular, roasted",10183,82.294395,-101.587105
Pork,"Pork, cured, ham, extra lean and regular, canned, unheated",10184,82.25694,-101.87068
Pork,"Pork, cured, ham, extra lean and regular, canned, roasted",10185,82.476364,-101.56
Pork,"Pork, fresh, composite of trimmed retail cuts (leg, loin, shoulder, and spareribs), separable lean and fat, cooked",10188,82.55547,-98.17014
Pork,"Pork, fresh, loin, tenderloin, separable lean and fat, raw",10218,83.07095,-100.481804
Pork,"Pork, fresh, ground, cooked",10220,81.94797,-97.85262
Pork,"Pork, fresh, composite of trimmed retail cuts (loin and shoulder blade), separable lean and fat, cooked",10227,82.39962,-98.800865
Pork,"Pork, cured, bacon, pre-sliced, cooked, pan-fried",10862,80.89856,-111.9343
Pork,"Pork, cured, ham and water product, whole, boneless, separable lean only, heated, roasted",10871,82.22469,-101.80982
Pork,"Pork, cured, ham and water product, whole, boneless, separable lean only, unheated",10872,82.09676,-101.650955
Pork,"Pork, cured, ham -- water added, whole, boneless, separable lean only, heated, roasted",10879,82.57699,-101.57796
Pork,"Pork, cured, ham -- water added, whole, boneless, separable lean only, unheated",10880,82.608185,-101.54211
Pork,"Pork, cured, ham with natural juices, whole, boneless, separable lean only, heated, roasted",10883,82.638336,-101.505775
Pork,"Pork, cured, ham with natural juices, whole, boneless, separable lean only, unheated",10884,82.75904,-101.289505
Pork,"Pork, cured, ham with natural juices, whole, boneless, separable lean and fat, unheated",10900,82.668594,-101.34263
Pork,"Pork, cured, ham and water product, whole, boneless, separable lean and fat, unheated",10905,82.073845,-101.72459
Pork,"Pork, cured, ham -- water added, whole, boneless, separable lean and fat, unheated",10909,82.30008,-101.35431
Pork,"Pork, cured, ham -- water added, whole, boneless, separable lean and fat, heated, roasted",10917,82.38671,-101.558174
Pork,"Pork, cured, ham and water product, whole, boneless, separable lean and fat, heated, roasted",10922,82.09406,-101.665276
Pork,"Pork, cured, ham with natural juices, whole, boneless, separable lean and fat, heated, roasted",10928,82.72417,-101.41607
Pork,"Pork, cured, ham, shank, bone-in, separable lean and fat, heated, roasted",10935,82.7563,-100.388145
Pork,"Pork, fresh, enhanced, loin, tenderloin, separable lean only, raw",10944,83.23152,-100.65896
Pork,"Pork, fresh, shoulder, (Boston butt), blade (steaks), separable lean only, with added solution, raw",10946,82.94279,-100.17715
Pork,"Pork, fresh, loin, top loin (chops), boneless, separable lean only, with added solution, raw",10948,83.49369,-100.82415
Pork,"Pork, fresh, loin, top loin (chops), boneless, separable lean and fat, with added solution, raw",10949,82.89148,-100.33231
Pork,"Pork, fresh, loin, tenderloin, separable lean and fat, with added solution, raw",10951,83.42528,-100.52494
Pork,"Pork, fresh, shoulder, (Boston butt), blade (steaks), separable lean and fat,with added solution, raw",10953,82.8699,-99.69404
Canadian bacon,"Canadian bacon, cooked, pan-fried",10998,83.25453,-101.629974
Alfalfa seeds,"Alfalfa seeds, sprouted, raw",11001,80.78529,-101.62832
Artichokes,"Artichokes, (globe or french), cooked, boiled, drained, without salt",11008,81.75191,-105.18915
Asparagus,"Asparagus, raw",11011,83.0919,-106.245476
Asparagus,"Asparagus, canned, drained solids",11015,83.37346,-106.22015
Asparagus,"Asparagus, frozen, cooked, boiled, drained, without salt",11019,83.14259,-106.63315
Balsam-pear (bitter gourd),"Balsam-pear (bitter gourd), leafy tips, cooked, boiled, drained, without salt",11023,83.80148,-107.18204
Balsam-pear (bitter gourd),"Balsam-pear (bitter gourd), pods, cooked, boiled, drained, without salt",11025,83.211624,-106.49033
Bamboo shoots,"Bamboo shoots, canned, drained solids",11028,80.56681,-100.20217
Lima beans,"Lima beans, immature seeds, cooked, boiled, drained, without salt",11032,81.87061,-107.46988
Lima beans,"Lima beans, immature seeds, frozen, fordhook, cooked, boiled, drained, without salt",11038,80.83783,-104.80684
Lima beans,"Lima beans, immature seeds, frozen, baby, cooked, boiled, drained, without salt",11040,80.9416,-105.14653
Mung beans,"Mung beans, mature seeds, sprouted, raw",11043,80.82853,-102.13143
Mung beans,"Mung beans, mature seeds, sprouted, cooked, boiled, drained, without salt",11044,80.638306,-100.88163
Beans,"Beans, snap, green, raw",11052,83.23444,-106.31028
Beans,"Beans, snap, green, canned, regular pack, drained solids",11056,83.48473,-105.68222
Beans,"Beans, snap, green, frozen, cooked, boiled, drained without salt",11061,83.37167,-105.93206
Beets,"Beets, raw",11080,79.96464,-102.12259
Beets,"Beets, canned, drained solids",11084,80.56482,-101.540764
Beet greens,"Beet greens, raw",11086,83.90105,-107.18404
Broccoli,"Broccoli, raw",11090,82.92603,-106.63509
Broccoli,"Broccoli, frozen, chopped, cooked, boiled, drained, without salt",11093,83.55113,-106.5607
Broccoli raab,"Broccoli raab, raw",11096,83.970184,-107.041046
Brussels sprouts,"Brussels sprouts, raw",11098,83.136856,-107.09386
Brussels sprouts,"Brussels sprouts, frozen, cooked, boiled, drained, without salt",11101,83.325096,-106.9813
Burdock root,"Burdock root, raw",11104,79.948,-103.16263
Cabbage,"Cabbage, raw",11109,82.77469,-105.9387
Cabbage,"Cabbage, red, raw",11112,83.190475,-106.08477
Cabbage,"Cabbage, savoy, raw",11114,83.21265,-106.08092
Cabbage,"Cabbage, chinese (pak-choi), raw",11116,84.10669,-106.325714
Cabbage,"Cabbage, kimchi",11118,81.63195,-102.71278
Carrots,"Carrots, raw",11124,84.62316,-105.82267
Carrots,"Carrots, cooked, boiled, drained, without salt",11125,84.598946,-105.63553
Carrots,"Carrots, canned, regular pack, drained solids",11128,84.52338,-105.467834
Carrots,"Carrots, frozen, cooked, boiled, drained, without salt",11131,84.63017,-105.69383
Cassava,"Cassava, raw",11134,78.86957,-102.957146
Cauliflower,"Cauliflower, raw",11135,80.62922,-102.36473
Cauliflower,"Cauliflower, frozen, cooked, boiled, drained, without salt",11138,80.69223,-102.214386
Celeriac,"Celeriac, raw",11141,80.645065,-102.96607
Celery,"Celery, raw",11143,82.85503,-105.5727
Chard,"Chard, swiss, raw",11147,83.29167,-106.73461
Chayote,"Chayote, fruit, raw",11149,80.788086,-101.63369
Chives,"Chives, raw",11156,84.11595,-106.669945
Collards,"Collards, raw",11161,83.347305,-106.63144
Collards,"Collards, frozen, chopped, cooked, boiled, drained, without salt",11164,83.78731,-106.94897
Coriander (cilantro) leaves,"Coriander (cilantro) leaves, raw",11165,84.1516,-106.67957
Corn,"Corn, sweet, yellow, raw",11167,82.51849,-105.75799
Corn,"Corn, sweet, yellow, canned, whole kernel, drained solids",11172,82.71571,-106.153694
Corn,"Corn, sweet, yellow, canned, cream style, regular pack",11174,82.909256,-106.385185
Corn,"Corn, sweet, yellow, frozen, kernels cut off cob, boiled, drained, without salt",11179,82.62288,-106.106606
Cowpeas (blackeyes),"Cowpeas (blackeyes), immature seeds, frozen, cooked, boiled, drained, without salt",11196,81.26384,-105.924934
Cress,"Cress, garden, raw",11203,83.2842,-106.56636
Cucumber,"Cucumber, with peel, raw",11205,80.25356,-98.81432
Dandelion greens,"Dandelion greens, raw",11207,83.72973,-107.001884
Eggplant,"Eggplant, raw",11209,80.309555,-102.13942
Edamame,"Edamame, frozen, prepared",11212,82.74555,-106.7853
Escarole,"Escarole, cooked, boiled, drained, no salt added",11214,83.52559,-106.95246
Garlic,"Garlic, raw",11215,79.57319,-103.8466
Ginger root,"Ginger root, raw",11216,79.91792,-103.44752
Kale,"Kale, raw",11233,83.50889,-107.33009
Kale,"Kale, frozen, cooked, boiled, drained, without salt",11236,83.315994,-106.630104
Kohlrabi,"Kohlrabi, raw",11241,81.116264,-102.19756
Lambsquarters,"Lambsquarters, cooked, boiled, drained, without salt",11245,83.61067,-106.45217
Leeks,"Leeks, (bulb and lower leaf-portion), raw",11246,83.5629,-106.593
Lettuce,"Lettuce, butterhead (includes boston and bibb types), raw",11250,84.06432,-106.398796
Lettuce,"Lettuce, cos or romaine, raw",11251,84.22132,-106.45321
Lettuce,"Lettuce, iceberg (includes crisphead types), raw",11252,83.036354,-105.45365
Lettuce,"Lettuce, green leaf, raw",11253,83.89621,-106.26366
Lotus root,"Lotus root, cooked, boiled, drained, without salt",11255,80.183105,-103.233284
Lettuce,"Lettuce, red leaf, raw",11257,83.887794,-106.18443
Mushrooms,"Mushrooms, white, raw",11260,79.75504,-101.09328
Mushrooms,"Mushrooms, white, cooked, boiled, drained, without salt",11261,80.00042,-101.942764
Mushrooms,"Mushrooms, canned, drained solids",11264,80.45572,-101.92882
Mushrooms,"Mushrooms, shiitake, cooked, without salt",11269,79.714325,-102.231606
Mustard greens,"Mustard greens, raw",11270,83.685745,-107.28869
Mustard greens,"Mustard greens, frozen, cooked, boiled, drained, without salt",11273,83.44796,-106.82048
Okra,"Okra, raw",11278,83.0022,-106.03243
Okra,"Okra, frozen, cooked, boiled, drained, without salt",11281,82.99226,-106.18927
Onions,"Onions, raw",11282,80.32637,-101.35037
Onions,"Onions, cooked, boiled, drained, without salt",11283,80.01351,-101.3737
Onions,"Onions, frozen, whole, cooked, boiled, drained, without salt",11290,80.57666,-100.92938
Onions,"Onions, spring or scallions (includes tops and bulb), raw",11291,83.32993,-107.10228
Onion rings,"Onion rings, breaded, par fried, frozen, prepared, heated in oven",11296,78.74351,-105.303474
Parsley,"Parsley, fresh",11297,83.62676,-106.99415
Parsnips,"Parsnips, cooked, boiled, drained, without salt",11299,80.082054,-103.40231
Peas,"Peas, edible-podded, raw",11300,83.34752,-106.12723
Peas,"Peas, edible-podded, frozen, cooked, boiled, drained, without salt",11303,83.83486,-106.3005
Peas,"Peas, green, raw",11304,83.46588,-107.019005
Peas,"Peas, green (includes baby and lesuer types), canned, drained solids, unprepared",11308,83.06135,-106.619125
Peas,"Peas, green, frozen, cooked, boiled, drained, without salt",11313,83.65657,-106.93564
Peppers,"Peppers, sweet, green, raw",11333,81.40823,-102.709526
Peppers,"Peppers, sweet, green, cooked, boiled, drained, without salt",11334,82.42103,-105.58356
Pokeberry shoots,"Pokeberry shoots, (poke), cooked, boiled, drained, without salt",11351,84.3776,-106.5149
Potatoes,"Potatoes, flesh and skin, raw",11352,79.78622,-103.290276
Potatoes,"Potatoes, baked, flesh, without salt",11363,79.485214,-103.18331
Potatoes,"Potatoes, baked, skin, without salt",11364,81.86421,-107.89788
Potatoes,"Potatoes, boiled, cooked without skin, flesh, without salt",11367,79.77478,-103.07264
Potatoes,"Potatoes, mashed, dehydrated, flakes without milk, dry form",11378,81.64879,-108.50575
Potatoes,"Potatoes, hash brown, frozen, plain, prepared, pan fried in canola oil",11391,78.83759,-104.42169
Potato puffs,"Potato puffs, frozen, unprepared",11398,78.80872,-103.59507
Potatoes,"Potatoes, french fried, all types, salt added in processing, frozen, home-prepared, oven heated",11403,79.42261,-103.62133
Potato flour,Potato flour,11413,81.57951,-108.693085
Pumpkin flowers,"Pumpkin flowers, cooked, boiled, drained, without salt",11417,83.80551,-105.653435
Pumpkin,"Pumpkin, raw",11422,84.38971,-105.20522
Pumpkin,"Pumpkin, canned, without salt",11424,84.305855,-105.41355
Radishes,"Radishes, raw",11429,80.90632,-101.724236
Rutabagas,"Rutabagas, raw",11435,80.71492,-102.09169
Salsify,"Salsify, cooked, boiled, drained, without salt",11438,80.16086,-103.50189
Sauerkraut,"Sauerkraut, canned, solids and liquids",11439,81.463425,-103.07189
Seaweed,"Seaweed, kelp, raw",11445,81.12468,-103.76698
Seaweed,"Seaweed, laver, raw",11446,84.46212,-106.606316
Spinach,"Spinach, raw",11457,83.63883,-106.88309
Spinach,"Spinach, canned, regular pack, drained solids",11461,83.733604,-106.80609
Spinach,"Spinach, frozen, chopped or leaf, cooked, boiled, drained, without salt",11464,83.67835,-106.85428
Squash,"Squash, summer, crookneck and straightneck, raw",11467,81.36423,-103.270355
Squash,"Squash, summer, crookneck and straightneck, canned, drained, solid, without salt",11471,81.14855,-100.9781
Squash,"Squash, summer, crookneck and straightneck, frozen, cooked, boiled, drained, without salt",11474,82.41399,-105.459755
Squash,"Squash, summer, zucchini, includes skin, raw",11477,83.15271,-106.7543
Squash,"Squash, summer, zucchini, includes skin, frozen, cooked, boiled, drained, without salt",11480,82.9868,-106.58589
Squash,"Squash, winter, spaghetti, cooked, boiled, drained, or baked, without salt",11493,80.50562,-100.97478
Sweet potato leaves,"Sweet potato leaves, cooked, steamed, without salt",11506,82.97975,-106.56563
Sweet potato,"Sweet potato, raw, unprepared (Includes foods for USDA's Food Distribution Program)",11507,84.022644,-105.93528
Sweet potato,"Sweet potato, cooked, baked in skin, flesh, without salt",11508,84.35029,-105.93479
Sweet potato,"Sweet potato, cooked, boiled, without skin",11510,84.21744,-106.03597
Sweet potato,"Sweet potato, canned, vacuum pack",11512,84.42307,-106.416435
Taro,"Taro, raw",11518,80.14039,-104.23797
Taro leaves,"Taro leaves, raw",11520,84.18621,-106.72577
Tomatoes,"Tomatoes, green, raw",11527,81.32811,-102.185135
Tomatoes,"Tomatoes, red, ripe, raw, year round average",11529,83.652756,-104.134384
Tomatoes,"Tomatoes, red, ripe, canned, packed in tomato juice",11531,83.26943,-103.74373
Tomato juice,"Tomato juice, canned, with salt added",11540,83.84401,-103.95674
Tomato products,"Tomato products, canned, paste, without salt added (Includes foods for USDA's Food Distribution Program)",11546,83.01895,-104.299286
Tomato products,"Tomato products, canned, puree, without salt added",11547,83.08775,-104.334206
Tomato products,"Tomato products, canned, sauce",11549,83.07784,-104.097855
Turnips,"Turnips, raw",11564,80.77929,-101.69161
Turnip greens,"Turnip greens, cooked, boiled, drained, without salt",11569,83.49711,-106.76486
Turnip greens,"Turnip greens, frozen, cooked, boiled, drained, without salt",11575,83.825134,-106.80366
Vegetable juice cocktail,"Vegetable juice cocktail, canned",11578,83.85935,-103.84914
Vegetables,"Vegetables, mixed, frozen, cooked, boiled, drained, without salt",11584,84.660904,-106.530815
Waterchestnuts,"Waterchestnuts, chinese, canned, solids and liquids",11590,80.04312,-101.96657
Watercress,"Watercress, raw",11591,83.50397,-107.32437
Waxgourd,"Waxgourd, (chinese preserving melon), cooked, boiled, drained, without salt",11594,80.14916,-98.28465
Yam,"Yam, cooked, boiled, drained, or baked, without salt",11602,79.97152,-103.90579
Yambean (jicama),"Yambean (jicama), raw",11603,80.04932,-102.400055
Beets,"Beets, pickled, canned, solids and liquids",11609,78.44211,-100.652695
Squash,"Squash, winter, all varieties, cooked, baked, without salt",11644,84.26969,-106.663025
Carrot juice,"Carrot juice, canned",11655,84.83717,-105.72816
Seaweed,"Seaweed, agar, dried",11663,82.76106,-109.122406
Seaweed,"Seaweed, spirulina, dried",11667,83.29406,-109.20385
Seaweed,"Seaweed, wakame, raw",11669,80.350746,-103.0309
Potatoes,"Potatoes, baked, flesh and skin, without salt",11674,79.63672,-103.53891
Beans,"Beans, snap, green, canned, no salt added, drained solids",11729,83.53753,-105.934875
Beans,"Beans, snap, yellow, frozen, cooked, boiled, drained, without salt",11732,82.840355,-106.40825
Beets,"Beets, canned, no salt added, solids and liquids",11735,80.0611,-101.27786
Carrots,"Carrots, canned, no salt added, solids and liquids",11758,84.545235,-105.57217
Corn,"Corn, sweet, yellow, canned, no salt added, solids and liquids (Includes foods for USDA's Food Distribution Program)",11771,82.47168,-106.11294
Peas,"Peas, green, canned, no salt added, solids and liquids",11812,83.62487,-106.77691
Peppers,"Peppers, hot chili, red, raw",11819,82.64352,-106.641075
Peppers,"Peppers, sweet, red, raw",11821,83.22483,-105.63414
Tomatoes,"Tomatoes, red, ripe, canned, packed in tomato juice, no salt added",11885,83.25561,-103.64347
Tomato products,"Tomato products, canned, puree, with salt added",11888,83.187065,-104.32179
Catsup,Catsup,11935,83.059235,-104.2206
Pickles,"Pickles, cucumber, dill or kosher dill",11937,81.212746,-102.15273
Pickles,"Pickles, cucumber, sweet (includes bread and butter pickles)",11940,79.14846,-101.07488
Pimento,"Pimento, canned",11943,83.887184,-106.16169
Pickle relish,"Pickle relish, sweet",11945,82.621056,-105.720894
Catsup,"Catsup, low sodium",11949,83.12979,-104.29691
Radicchio,"Radicchio, raw",11952,83.490486,-107.34082
Tomatillos,"Tomatillos, raw",11954,82.4873,-105.66882
Tomatoes,"Tomatoes, sun-dried",11955,83.16611,-104.51313
Fennel,"Fennel, bulb, raw",11957,83.32142,-106.40662
Arugula,"Arugula, raw",11959,83.50344,-106.92333
Nopales,"Nopales, raw",11963,81.907486,-105.09276
Cauliflower,"Cauliflower, green, raw",11965,81.02954,-102.862915
Grape leaves,"Grape leaves, raw",11974,84.53348,-106.5669
Pepper,"Pepper, banana, raw",11976,81.424484,-103.03313
Peppers,"Peppers, serrano, raw",11977,83.228935,-106.15572
Peppers,"Peppers, jalapeno, raw",11979,82.81666,-106.8831
Broccoli,"Broccoli, chinese, raw",11994,83.73791,-106.54432
Seeds,"Seeds, pumpkin and squash seed kernels, roasted, without salt",12016,82.11148,-110.80051
Seeds,"Seeds, sunflower seed kernels, dry roasted, without salt",12037,82.344025,-111.920975
Nuts,"Nuts, almonds",12061,81.75892,-111.419266
Nuts,"Nuts, almonds, dry roasted, without salt added",12063,81.735886,-111.450325
Nuts,"Nuts, almond paste",12071,81.656006,-111.759155
Nuts,"Nuts, brazilnuts, dried, unblanched",12078,81.81956,-110.5647
Nuts,"Nuts, cashew nuts, dry roasted, without salt added",12085,81.43711,-111.2815
Nuts,"Nuts, coconut meat, raw",12104,79.37713,-112.24699
Nuts,"Nuts, coconut meat, dried (desiccated), sweetened, flaked, packaged",12109,79.17396,-112.18553
Nuts,"Nuts, coconut cream, canned, sweetened",12116,78.31599,-111.101974
Nuts,"Nuts, coconut milk, raw (liquid expressed from grated meat and water)",12117,79.27485,-112.132576
Nuts,"Nuts, hazelnuts or filberts",12120,81.41902,-112.19208
Nuts,"Nuts, pecans",12142,81.38857,-112.31036
Nuts,"Nuts, pine nuts, dried",12147,82.13608,-112.12826
Nuts,"Nuts, pistachio nuts, dry roasted, without salt added",12152,81.81338,-111.9834
Nuts,"Nuts, walnuts, black, dried",12154,82.0009,-111.925255
Nuts,"Nuts, walnuts, english",12155,82.10083,-112.145775
Seeds,"Seeds, sesame butter, tahini, from roasted and toasted kernels (most common type)",12166,81.84715,-111.97116
Nuts,"Nuts, chestnuts, european, roasted",12167,81.17132,-107.22737
Seeds,"Seeds, sesame seed kernels, dried (decorticated)",12201,82.21832,-111.762634
Seeds,"Seeds, flaxseed",12220,82.642456,-110.22683
Nuts,"Nuts, cashew butter, plain, with salt added",12588,81.45633,-111.73523
Nuts,"Nuts, macadamia nuts, dry roasted, with salt added",12632,80.99736,-112.5384
Nuts,"Nuts, almond butter, plain, with salt added",12695,81.57688,-111.502815
Beef,"Beef, retail cuts, separable fat, cooked",13020,80.15802,-112.33451
Beef,"Beef, flank, steak, separable lean only, trimmed to 0"" fat, choice, raw",13068,83.878555,-97.992966
Beef,"Beef, flank, steak, separable lean only, trimmed to 0"" fat, choice, cooked, braised",13069,82.2953,-97.09588
Beef,"Beef, rib, shortribs, separable lean and fat, choice, cooked, braised",13148,80.57786,-112.404434
Beef,"Beef, rib, shortribs, separable lean only, choice, cooked, braised",13150,82.083046,-96.58685
Beef,"Beef, ground, patties, frozen, cooked, broiled",13317,81.44212,-97.69886
Beef,"Beef, variety meats and by-products, brain, cooked, simmered",13320,83.26068,-96.182335
Beef,"Beef, variety meats and by-products, heart, cooked, simmered",13322,83.059586,-96.64867
Beef,"Beef, variety meats and by-products, kidneys, cooked, simmered",13324,82.70571,-96.777504
Beef,"Beef, variety meats and by-products, liver, cooked, braised",13326,84.26901,-110.62748
Beef,"Beef, variety meats and by-products, liver, cooked, pan-fried",13327,84.21601,-110.69925
Beef,"Beef, variety meats and by-products, tongue, cooked, simmered",13340,82.30822,-96.28203
Beef,"Beef, variety meats and by-products, tripe, raw",13341,83.43052,-96.55889
Beef,"Beef, cured, breakfast strips, cooked",13345,80.48101,-112.1227
Beef,"Beef, cured, corned beef, brisket, cooked",13347,81.57841,-98.19057
Beef,"Beef, cured, corned beef, canned",13348,82.28049,-97.49783
Beef,"Beef, cured, dried",13350,82.23836,-101.15162
Beef,"Beef, cured, pastrami",13355,83.19523,-98.73258
Beef,"Beef, composite of trimmed retail cuts, separable lean only, trimmed to 0"" fat, all grades, cooked",13364,82.558655,-97.20414
Beef,"Beef, brisket, whole, separable lean and fat, trimmed to 0"" fat, all grades, cooked, braised",13367,81.63404,-96.76632
Beef,"Beef, brisket, whole, separable lean only, trimmed to 0"" fat, all grades, cooked, braised",13368,82.336395,-96.480515
Beef,"Beef, chuck, blade roast, separable lean only, trimmed to 0"" fat, all grades, cooked, braised",13382,82.051476,-96.35581
Beef,"Beef, round, tip round, roast, separable lean only, trimmed to 0"" fat, all grades, cooked, roasted",13424,83.31655,-97.236496
Beef,"Beef, top sirloin, steak, separable lean and fat, trimmed to 0"" fat, all grades, cooked, broiled",13451,82.88588,-97.015465
Beef,"Beef, top sirloin, steak, separable lean only, trimmed to 0"" fat, all grades, cooked, broiled",13454,82.81319,-97.07223
Beef,"Beef, round, top round steak, boneless, separable lean only, trimmed to 0"" fat, all grades, cooked, grilled",13491,83.54649,-97.64681
Beef,"Beef, composite of trimmed retail cuts, separable lean and fat, trimmed to 1/8"" fat, all grades, cooked",13796,81.63471,-97.288124
Beef,"Beef, chuck, arm pot roast, separable lean and fat, trimmed to 1/8"" fat, all grades, cooked, braised",13810,82.33423,-96.1797
Beef,"Beef, chuck, arm pot roast, separable lean and fat, trimmed to 1/8"" fat, choice, cooked, braised",13812,82.19647,-96.28087
Beef,"Beef, chuck, arm pot roast, separable lean and fat, trimmed to 1/8"" fat, select, cooked, braised",13814,82.28081,-96.40026
Beef,"Beef, chuck, blade roast, separable lean and fat, trimmed to 1/8"" fat, all grades, cooked, braised",13816,81.64991,-96.67196
Beef,"Beef, rib, whole (ribs 6-12), separable lean and fat, trimmed to 1/8"" fat, choice, cooked, roasted",13829,80.16815,-112.37634
Beef,"Beef, rib, large end (ribs 6-9), separable lean and fat, trimmed to 1/8"" fat, all grades, cooked, roasted",13840,81.29702,-97.9741
Beef,"Beef, round, full cut, separable lean and fat, trimmed to 1/8"" fat, choice, raw",13864,82.67049,-98.3983
Beef,"Beef, round, full cut, separable lean and fat, trimmed to 1/8"" fat, choice, cooked, broiled",13865,82.41255,-97.00689
Beef,"Beef, round, tip round, roast, separable lean and fat, trimmed to 1/8"" fat, all grades, cooked, roasted",13884,82.2512,-97.17079
Beef,"Beef, round, tip round, roast, separable lean and fat, trimmed to 1/8"" fat, choice, cooked, roasted",13886,82.09232,-97.172424
Beef,"Beef, round, tip round, roast, separable lean and fat, trimmed to 1/8"" fat, select, cooked, roasted",13888,82.210625,-97.00671
Beef,"Beef, round, top round, separable lean and fat, trimmed to 1/8"" fat, all grades, cooked, braised",13892,82.62843,-96.44278
Beef,"Beef, round, top round steak, separable lean and fat, trimmed to 1/8"" fat, all grades, cooked, broiled",13893,82.81489,-96.68026
Beef,"Beef, short loin, top loin, steak, separable lean and fat, trimmed to 1/8"" fat, choice, cooked, grilled",13912,81.81525,-96.92333
Beef,"Beef, tenderloin, roast, separable lean and fat, trimmed to 1/8"" fat, prime, cooked, roasted",13928,81.43266,-97.539185
Beef,"Beef, top sirloin, steak, separable lean and fat, trimmed to 1/8"" fat, choice, cooked, pan-fried",13933,82.06896,-96.69138
Beef,"Beef, round, top round steak, boneless, separable lean and fat, trimmed to 0"" fat, all grades, cooked, grilled",13959,83.40459,-97.81899
Alcoholic beverage,"Alcoholic beverage, beer, regular, all",14003,79.788605,-97.53693
Alcoholic beverage,"Alcoholic beverage, beer, light",14006,79.85428,-97.09531
Alcoholic beverage,"Alcoholic beverage, beer, light, low carb",14013,79.82451,-96.80077
Beverages,"Beverages,  Energy drink, Citrus",14021,79.87183,-99.521385
Beverages,"Beverages, MONSTER energy drink, low carb",14022,79.16256,-98.28131
Beverages,"Beverages, THE COCA-COLA COMPANY, NOS Zero, energy drink, sugar-free with guarana, fortified with vitamins B6 and B12",14026,79.58308,-97.58366
Beverages,"Beverages, Whiskey sour mix, bottled",14028,77.59749,-100.263336
Beverages,"Beverages, THE COCA-COLA COMPANY, NOS energy drink, Original, grape, loaded cherry, charged citrus, fortified with vitamins B6 and B12",14030,79.24013,-99.32648
Beverages,"Beverages, water, bottled, yumberry, pomegranate with anti-oxidants, zero calories",14031,80.25888,-97.479126
Beverages,"Beverages, ABBOTT, EAS whey protein powder",14033,82.412125,-97.62246
Alcoholic beverage,"Alcoholic beverage, creme de menthe, 72 proof",14034,75.63999,-99.17296
Beverages,"Beverages, ABBOTT, EAS soy protein powder",14035,82.445465,-98.06184
Beverages,"Beverages, CYTOSPORT, Muscle Milk, ready-to-drink",14036,78.187,-98.386284
Alcoholic beverage,"Alcoholic beverage, distilled, all (gin, rum, vodka, whiskey) 80 proof",14037,79.671364,-97.85738
Beverages,"Beverages, OCEAN SPRAY, Cran-Energy, Cranberry Energy Juice Drink",14038,79.662964,-97.943344
Beverages,"Beverages, NESTLE, Boost plus, nutritional drink, ready-to-drink",14041,77.53188,-99.47699
Beverages,"Beverages, SLIMFAST, Meal replacement,  High Protein Shake, Ready-To-Drink, 3-2-1 plan",14044,77.73733,-98.904945
Beverages,"Beverages, UNILEVER, SLIMFAST, meal replacement, regular, ready-to-drink,  3-2-1 Plan",14045,77.92743,-98.93903
Beverages,"Beverages, UNILEVER, SLIMFAST Shake Mix, powder, 3-2-1 Plan",14047,83.9306,-110.17127
Alcoholic beverage,"Alcoholic beverage, distilled, rum, 80 proof",14050,79.563965,-98.23244
Beverages,"Beverages, UNILEVER, SLIMFAST Shake Mix, high protein, whey powder, 3-2-1 Plan,",14055,83.84083,-110.231094
Beverages,"Beverages, Acai berry drink, fortified",14056,84.411514,-106.54548
Alcoholic beverage,"Alcoholic beverage, wine, dessert, sweet",14057,78.51434,-100.214
Beverages,"Beverages, Whey protein powder isolate",14058,82.61468,-97.38528
Beverages,"Beverages, KELLOGG'S, SPECIAL K Protein Shake",14059,77.82238,-99.08465
Beverages,"Beverages, Energy Drink with carbonated water and high fructose corn syrup",14060,79.3548,-99.39344
Beverages,"Beverages, Energy Drink, sugar free",14061,79.85687,-97.882034
Beverages,"Beverages, ABBOTT, ENSURE, Nutritional Shake, Ready-to-Drink",14062,77.765396,-99.5686
Beverages,"Beverages, chocolate powder, no sugar added",14063,82.94519,-109.62141
Beverages,"Beverages, Orange juice, light, No pulp",14064,80.5537,-99.47567
Beverages,"Beverages, The COCA-COLA company, Hi-C Flashin' Fruit Punch",14065,79.83259,-99.87102
Beverages,"Beverages, Protein powder whey based",14066,82.50966,-97.6275
Beverages,"Beverages, Protein powder soy based",14067,82.32872,-97.77335
Beverages,"Beverages, KELLOGG'S SPECIAL K20 protein powder",14068,83.174355,-109.46304
Beverages,"Beverages, yellow green colored citrus soft drink with caffeine",14079,78.604576,-99.543816
Alcoholic beverage,"Alcoholic beverage, wine, table, all",14084,79.94262,-98.005554
Beverages,"Beverages, Coconut water, ready-to-drink, unsweetened",14090,80.11102,-98.01076
Beverages,"Beverages, almond milk, unsweetened, shelf stable",14091,79.06433,-97.50552
Beverages,"Beverages, The COCA-COLA company, Glaceau Vitamin Water, Revive Fruit Punch, fortified",14093,79.533394,-97.29716
Alcoholic beverage,"Alcoholic beverage, wine, table, red",14096,80.116066,-97.84223
Alcoholic beverage,"Alcoholic beverage, wine, table, white",14106,79.873665,-97.794
Beverages,"Beverages, Mixed vegetable and fruit juice drink, with added nutrients",14119,84.43246,-105.58256
Beverages,"Beverages, carbonated, club soda",14121,79.70528,-96.28587
Carbonated beverage,"Carbonated beverage, cream soda",14130,78.474495,-99.56033
Beverages,"Beverages, carbonated, ginger ale",14136,79.19033,-98.86406
Beverages,"Beverages, carbonated, low calorie, other than cola or pepper,  without caffeine",14143,79.74703,-96.15057
Beverages,"Beverages, carbonated, SPRITE, lemon-lime, without caffeine",14145,79.14141,-98.9054
Beverages,"Beverages, carbonated, low calorie, cola or pepper-type, with aspartame, without caffeine",14146,79.9767,-96.24603
Beverages,"Beverages, carbonated, cola, without caffeine",14147,78.84904,-99.010864
Beverages,"Beverages, carbonated, cola, regular",14148,78.915215,-98.72012
Beverages,"Beverages, carbonated, reduced sugar, cola, contains caffeine and sweeteners",14149,80.02076,-97.77215
Beverages,"Beverages, carbonated, low calorie, other than cola or pepper, with aspartame, contains caffeine",14151,79.69806,-96.15443
Beverages,"Beverages, Energy drink, RED BULL",14154,79.23995,-99.31985
Beverages,"Beverages, carbonated, tonic water",14155,79.25997,-98.66898
Beverages,"Beverages, Energy drink, RED BULL, sugar free, with added caffeine, niacin, pantothenic acid, vitamins B6 and B12",14156,79.48588,-98.8468
Beverages,"Beverages, carbonated, root beer",14157,78.68195,-98.96277
Beverages,"Beverages, Apple juice drink, light, fortified with vitamin C",14162,80.381546,-98.59585
Beverages,"Beverages, chocolate drink, milk and soy based, ready to drink, fortified",14163,77.71148,-99.38882
Beverages,"Beverages, POWERADE, Zero, Mixed Berry",14167,79.84176,-96.376274
Beverages,"Beverages, coconut milk, sweetened, fortified with calcium, vitamins A, B12, D2",14171,78.80525,-97.56428
Beverages,"Beverages, Lemonade fruit juice drink light, fortified with vitamin E and C",14174,80.29053,-98.47955
Beverages,"Beverages, coffee, ready to drink, milk based, sweetened",14179,78.13616,-99.55887
Beverages,"Beverages, tea, Oolong, brewed",14185,79.47709,-96.220924
Beverages,"Beverages, The COCA-COLA company, Minute Maid, Lemonade",14189,78.66207,-99.274055
Beverages,"Beverages, tea, green, ready-to-drink, diet",14190,79.757965,-96.812546
Beverages,"Beverages, Cocoa mix, powder",14192,80.94678,-109.15618
Beverages,"Beverages, Cocoa mix, no sugar added, powder",14196,82.153015,-109.52821
Beverages,"Beverages, tea, black, ready-to-drink, lemon, sweetened",14199,79.006355,-99.04419
Beverages,"Beverages, coffee, brewed, prepared with tap water, decaffeinated",14201,80.20149,-96.63343
Beverages,"Beverages, coffee, brewed, espresso, restaurant-prepared, decaffeinated",14202,79.7419,-98.225174
Beverages,"Beverages, coffee, instant, regular, half the caffeine",14203,81.85022,-109.21105
Beverages,"Beverages, coffee and cocoa, instant, decaffeinated, with whitener and low calorie sweetener",14204,81.60723,-109.48315
Beverages,"Beverages, tea, green, ready-to-drink, sweetened",14206,79.82691,-97.88192
Beverages,"Beverages, tea, ready-to-drink, lemon, diet",14207,79.61737,-96.30195
Beverages,"Beverages, coffee, brewed, prepared with tap water",14209,79.67633,-96.61226
Beverages,"Beverages, coffee, brewed, espresso, restaurant-prepared",14210,79.95704,-98.09651
Beverages,"Beverages, tea, black, ready-to-drink, lemon, diet",14211,80.016014,-96.51975
Beverages,"Beverages, coffee, instant, regular, powder",14214,81.86655,-109.15806
Beverages,"Beverages, aloe vera juice drink, fortified with Vitamin C",14216,79.9542,-97.2231
Beverages,"Beverages, coffee, instant, decaffeinated, powder",14218,81.80589,-109.15246
Beverages,"Beverages, coffee, instant, mocha, sweetened",14224,80.84042,-109.5796
Beverages,"Beverages, coffee substitute, cereal grain beverage, powder",14236,82.520546,-108.958786
Beverages,"Beverages, coffee substitute, cereal grain beverage, prepared with water",14237,79.61088,-96.77755
Alcoholic beverage,"Alcoholic beverage, malt beer, hard lemonade",14239,78.92692,-99.215034
Cranberry juice cocktail,"Cranberry juice cocktail, bottled",14242,80.52809,-99.88347
Beverages,"Beverages, tea, black, ready to drink",14247,79.43175,-96.501526
Alcoholic beverage,"Alcoholic beverage, beer, light, higher alcohol",14248,80.0543,-97.16501
Beverages,"Beverages, AMBER, hard cider",14250,79.542816,-98.527855
Alcoholic beverages,"Alcoholic beverages, beer, higher alcohol",14251,79.81054,-97.50016
Alcoholic beverages,"Alcoholic beverages, wine, rose",14253,79.80723,-98.13762
Beverages,"Beverages, tea, green, brewed, decaffeinated",14260,79.66686,-96.39579
Beverages,"Beverages, tea, green, ready to drink, unsweetened",14261,80.031815,-96.37903
Beverages,"Beverages, citrus fruit juice drink, frozen concentrate",14262,78.58468,-100.80417
Beverages,"Beverages, Fruit punch drink, with added nutrients, canned",14267,80.1127,-99.52166
Beverages,"Beverages, coffee, instant, vanilla, sweetened, decaffeinated, with non dairy creamer",14270,77.87795,-110.53804
Beverages,"Beverages, Tropical Punch, ready-to-drink",14276,79.98475,-96.97608
Beverages,"Beverages, tea, green, brewed, regular",14278,79.87539,-96.40605
Beverages,"Beverages, tea, black, ready to drink, decaffeinated, diet",14280,79.88581,-96.37179
Beverages,"Beverages, tea, black, ready to drink, decaffeinated",14281,79.32904,-98.85576
Lemonade,"Lemonade, frozen concentrate, white",14292,75.6583,-99.258995
Beverages,"Beverages, lemonade-flavor drink, powder",14296,74.3048,-96.31648
Malt beverage,"Malt beverage, includes non-alcoholic beer",14305,79.10566,-98.507454
Beverages,"Beverages, Malted drink mix, natural, powder, dairy based.",14311,81.1863,-109.595665
Beverages,"Beverages, OVALTINE, chocolate malt powder",14315,84.19136,-110.54876
Shake,"Shake, fast food, vanilla",14347,76.783295,-100.44628
Strawberry-flavor beverage mix,"Strawberry-flavor beverage mix, powder",14350,74.54817,-96.16294
Beverages,"Beverages, tea, black, brewed, prepared with tap water, decaffeinated",14352,79.84519,-96.56881
Beverages,"Beverages, tea, instant, decaffeinated, unsweetened",14353,81.84459,-109.486496
Beverages,"Beverages, tea, black, brewed, prepared with tap water",14355,79.97578,-96.36447
Beverages,"Beverages, tea, instant, decaffeinated, lemon, diet",14356,81.81103,-108.62255
Beverages,"Beverages, tea, instant, unsweetened, powder",14366,81.99698,-109.21248
Beverages,"Beverages, tea, instant, lemon, unsweetened",14368,81.64239,-108.793724
Beverages,"Beverages, tea, instant, lemon, sweetened, powder",14370,74.35869,-96.129456
Beverages,"Beverages, tea, instant, lemon, diet",14376,79.70749,-96.06567
Beverages,"Beverages, tea, herb, other than chamomile, brewed",14381,79.37221,-96.30348
Beverages,"Beverages, orange-flavor drink, breakfast type, powder",14407,75.36193,-97.23964
Beverages,"Beverages, water, tap, drinking",14411,79.7002,-96.13517
Alcoholic beverage,"Alcoholic beverage, liqueur, coffee, 53 proof",14414,75.57707,-99.24536
Alcoholic beverage,"Alcoholic beverage, liqueur, coffee with cream, 34 proof",14415,76.93648,-102.49048
Beverages,"Beverages, carbonated, low calorie, cola or pepper-type, with aspartame, contains caffeine",14416,79.92355,-96.409355
Beverages,"Beverages, water, tap, municipal",14429,79.53445,-95.90153
Beverages,"Beverages, orange breakfast drink, ready-to-drink, with added nutrients",14436,79.7732,-99.64572
Beverages,"Beverages, PEPSICO QUAKER, Gatorade, G performance O 2, ready-to-drink.",14460,79.69877,-98.187935
Beverages,"Beverages, COCA-COLA, POWERADE, lemon-lime flavored, ready-to-drink",14461,79.42415,-98.098434
Beverages,"Beverages, Propel Zero, fruit-flavored, non-carbonated",14462,79.53113,-97.4118
Beverages,"Beverages, tea, herb, brewed, chamomile",14545,79.85685,-96.28907
Carbonated beverage,"Carbonated beverage, chocolate-flavored soda",14552,79.07881,-99.062096
Beverages,"Beverages, Wine, non-alcoholic",14553,79.94694,-97.18301
Water,"Water, bottled, generic",14555,79.88627,-96.226395
Beverages,"Beverages, chocolate-flavor beverage mix for milk, powder, with added nutrients",14557,74.13489,-97.724236
Beverages,"Beverages, Powerade Zero Ion4, calorie-free, assorted flavors",14599,80.03905,-96.63996
Water,"Water, non-carbonated, bottles, natural fruit flavors, sweetened with low calorie sweetener",14604,79.60487,-96.06797
Beverages,"Beverages, Water with added vitamins and minerals, bottles, sweetened, assorted fruit flavors",14605,79.567924,-97.80023
Beverages,"Beverages, Energy drink, AMP",14625,78.95414,-99.34242
Beverages,"Beverages, Energy drink, FULL THROTTLE",14626,78.7952,-99.039215
Beverages,"Beverages, Energy Drink, Monster, fortified with vitamins C, B2, B3, B6, B12",14627,79.16121,-98.78808
Beverages,"Beverages, Energy drink, AMP, sugar free",14628,79.79915,-96.81308
Beverages,"Beverages, Energy drink, ROCKSTAR",14629,78.77766,-98.77707
Beverages,"Beverages, Energy drink, ROCKSTAR, sugar free",14630,78.838425,-98.175415
Beverages,"Beverages, Vegetable and fruit juice drink, reduced calorie, with low-calorie sweetener, added vitamin C",14633,84.06129,-105.76661
Beverages,"Beverages, milk beverage, reduced fat, flavored and sweetened, Ready-to-drink,  added calcium, vitamin A and vitamin D",14634,77.34651,-99.23308
Beverages,"Beverages, vegetable and fruit juice blend, 100% juice, with added vitamins A, C, E",14635,80.130585,-99.80661
Beverages,"Beverages, fruit juice drink, reduced sugar, with vitamin E added",14636,78.97139,-98.82336
Water,"Water, with corn syrup and/or sugar and low calorie sweetener, fruit flavored",14637,79.66401,-97.41899
Beverages,"Beverages, rice milk, unsweetened",14639,78.58478,-98.28697
Beverages,"Beverages, Energy drink, VAULT, citrus flavor",14640,78.54603,-99.47637
Beverages,"Beverages, Energy drink, VAULT Zero, sugar-free, citrus flavor",14641,80.06868,-96.56987
Beverages,"Beverages, PEPSICO QUAKER, Gatorade G2, low calorie",14644,79.67064,-96.756714
Beverages,"Beverages, Fruit flavored drink, less than 3% juice, not fortified with vitamin C",14645,78.26324,-99.88203
Beverages,"Beverages, Fruit flavored drink containing less than 3% fruit juice, with high vitamin C",14646,80.40993,-98.85256
Beverages,"Beverages, fruit juice drink, greater than 3% fruit juice, high vitamin C and added thiamin",14648,79.87422,-99.71031
Beverages,"Beverages, tea, hibiscus, brewed",14649,80.08819,-96.51099
Beverages,"Beverages, fruit juice drink, greater than 3% juice, high vitamin C",14651,79.78728,-99.95172
Beverages,"Beverages, nutritional shake mix, high protein, powder",14654,83.84274,-110.218155
Fish,"Fish, anchovy, european, canned in oil, drained solids",15002,82.62286,-102.14427
Fish,"Fish, carp, raw",15008,82.87149,-99.65387
Fish,"Fish, caviar, black and red, granular",15012,82.632904,-96.518814
Fish,"Fish, cod, Atlantic, cooked, dry heat",15016,83.6016,-99.62077
Fish,"Fish, cod, Atlantic, canned, solids and liquid",15017,83.509125,-99.58041
Fish,"Fish, cod, Atlantic, dried and salted",15018,82.4122,-97.961464
Fish,"Fish, cod, Pacific, raw (may have been previously frozen)",15019,82.65327,-99.4898
Fish,"Fish, croaker, Atlantic, raw",15020,83.50324,-99.39107
Fish,"Fish, eel, mixed species, raw",15025,82.12661,-99.409515
Fish,"Fish, fish sticks, frozen, prepared",15027,79.431854,-105.87164
Fish,"Fish, flatfish (flounder and sole species), raw",15028,82.50048,-99.58482
Fish,"Fish, haddock, raw",15033,83.16505,-99.58841
Fish,"Fish, haddock, smoked",15035,83.593094,-99.19689
Fish,"Fish, halibut, Atlantic and Pacific, raw",15036,83.75783,-99.763145
Fish,"Fish, herring, Atlantic, raw",15039,82.59444,-98.18671
Fish,"Fish, herring, Atlantic, cooked, dry heat",15040,82.75846,-98.28974
Fish,"Fish, herring, Atlantic, pickled",15041,81.66811,-103.55484
Fish,"Fish, herring, Atlantic, kippered",15042,82.476616,-97.973915
Fish,"Fish, mackerel, Atlantic, raw",15046,82.79881,-98.0427
Fish,"Fish, mackerel, jack, canned, drained solids",15048,83.02056,-98.3781
Fish,"Fish, mackerel, Pacific and jack, mixed species, raw",15050,83.24927,-98.65014
Fish,"Fish, mullet, striped, raw",15055,83.51783,-100.04491
Fish,"Fish, ocean perch, Atlantic, raw",15057,82.684326,-99.396965
Fish,"Fish, perch, mixed species, raw",15060,82.80015,-99.19693
Fish,"Fish, pike, northern, raw",15062,82.91726,-99.53807
Fish,"Fish, pollock, raw",15066,82.217636,-99.53188
Fish,"Fish, pompano, florida, raw",15068,82.87883,-100.06505
Fish,"Fish, roe, mixed species, raw",15072,82.875595,-96.192276
Fish,"Fish, salmon, chinook, smoked",15077,83.019775,-99.416695
Fish,"Fish, salmon, chum, canned, drained solids with bone",15080,83.20397,-98.901306
Fish,"Fish, salmon, pink, raw",15083,83.49483,-98.8516
Fish,"Fish, salmon, pink, canned, total can contents",15084,83.04407,-98.83533
Fish,"Fish, salmon, sockeye, raw",15085,83.49783,-98.49817
Fish,"Fish, salmon, sockeye, canned, drained solids",15087,83.087654,-98.38132
Fish,"Fish, sardine, Atlantic, canned in oil, drained solids with bone",15088,82.81188,-97.83954
Fish,"Fish, sardine, Pacific, canned in tomato sauce, drained solids with bone",15089,82.65282,-98.18169
Fish,"Fish, scup, raw",15090,83.38785,-99.80614
Fish,"Fish, sea bass, mixed species, raw",15091,83.20116,-99.97736
Fish,"Fish, shark, mixed species, raw",15095,83.44948,-99.78534
Fish,"Fish, snapper, mixed species, raw",15101,83.17162,-99.2545
Fish,"Fish, sturgeon, mixed species, raw",15104,83.52445,-99.592
Fish,"Fish, sturgeon, mixed species, smoked",15106,83.99391,-98.15772
Fish,"Fish, swordfish, raw",15110,83.81733,-99.48658
Fish,"Fish, tuna, light, canned in oil, drained solids",15119,84.04745,-98.66748
Fish,"Fish, tuna, light, canned in water, drained solids",15121,83.96816,-99.30733
Fish,"Fish, tuna, fresh, yellowfin, raw",15127,84.579124,-98.91387
Fish,"Fish, whitefish, mixed species, raw",15130,83.00361,-99.66394
Fish,"Fish, whiting, mixed species, raw",15132,83.05346,-99.349625
Crustaceans,"Crustaceans, crab, alaska king, imitation, made from surimi",15138,77.715065,-99.54812
Crustaceans,"Crustaceans, crab, blue, cooked, moist heat",15140,83.18821,-98.708435
Crustaceans,"Crustaceans, crab, blue, canned",15141,83.20771,-98.57644
Crustaceans,"Crustaceans, crayfish, mixed species, wild, raw",15145,83.39708,-97.99161
Crustaceans,"Crustaceans, crayfish, mixed species, wild, cooked, moist heat",15146,83.46799,-97.69365
Crustaceans,"Crustaceans, lobster, northern, raw",15147,83.84479,-98.51683
Crustaceans,"Crustaceans, lobster, northern, cooked, moist heat",15148,83.77921,-98.432846
Crustaceans,"Crustaceans, shrimp, mixed species, raw (may contain additives to retain moisture)",15149,83.38894,-97.62803
Crustaceans,"Crustaceans, shrimp, mixed species, cooked, moist heat (may contain additives to retain moisture)",15151,83.32034,-96.09191
Crustaceans,"Crustaceans, shrimp, mixed species, canned",15152,83.496346,-96.50721
Mollusks,"Mollusks, abalone, mixed species, raw",15155,83.33777,-99.601074
Mollusks,"Mollusks, clam, mixed species, raw",15157,82.41325,-98.4663
Mollusks,"Mollusks, clam, mixed species, canned, drained solids",15160,82.65642,-98.42955
Mollusks,"Mollusks, clam, mixed species, canned, liquid",15162,80.04895,-97.84002
Mollusks,"Mollusks, mussel, blue, raw",15164,82.24208,-98.41072
Mollusks,"Mollusks, octopus, common, raw",15166,82.943535,-98.59493
Mollusks,"Mollusks, oyster, eastern, wild, raw",15167,81.96754,-97.33272
Mollusks,"Mollusks, oyster, eastern, canned",15170,85.025696,-108.691154
Mollusks,"Mollusks, scallop, mixed species, raw",15172,82.42347,-99.75101
Mollusks,"Mollusks, squid, mixed species, raw",15175,83.732765,-97.43388
Fish,"Fish, cod, Pacific, cooked, dry heat (may contain additives to retain moisture)",15192,83.059616,-99.25804
Fish,"Fish, mackerel, Pacific and jack, mixed species, cooked, dry heat",15201,83.57184,-97.98191
Mollusks,"Mollusks, octopus, common, cooked, moist heat",15230,82.60079,-97.83133
Fish,"Fish, catfish, channel, farmed, raw",15234,82.39475,-99.37704
Fish,"Fish, trout, rainbow, farmed, raw",15240,83.296005,-98.94875
Fish,"Fish, tilapia, raw",15261,83.29659,-99.69153
Beans,"Beans, baked, canned, plain or vegetarian",16006,81.83284,-104.0166
Beans,"Beans, baked, canned, with pork and sweet sauce",16010,80.62443,-104.00909
Beans,"Beans, black, mature seeds, raw",16014,82.162506,-108.62671
Beans,"Beans, black, mature seeds, cooked, boiled, without salt",16015,81.48803,-106.63663
Beans,"Beans, black turtle, mature seeds, cooked, boiled, without salt",16017,81.392715,-106.52863
Beans,"Beans, black turtle, mature seeds, canned",16018,80.937706,-105.00348
Beans,"Beans, great northern, mature seeds, canned",16026,80.92329,-104.62133
Beans,"Beans, kidney, all types, mature seeds, cooked, boiled, without salt",16028,81.17574,-105.87782
Beans,"Beans, kidney, red, mature seeds, cooked, boiled, without salt",16033,81.35481,-106.123344
Beans,"Beans, kidney, red, mature seeds, canned, solids and liquids",16034,80.75139,-103.99402
Beans,"Beans, pink, mature seeds, cooked, boiled, without salt",16041,81.60954,-107.15334
Beans,"Beans, pinto, mature seeds, raw (Includes foods for USDA's Food Distribution Program)",16042,82.14946,-108.583374
Beans,"Beans, pinto, mature seeds, cooked, boiled, without salt",16043,81.62409,-106.87861
Beans,"Beans, yellow, mature seeds, cooked, boiled, without salt",16048,81.60797,-106.88343
Beans,"Beans, white, mature seeds, cooked, boiled, without salt",16050,81.71024,-107.169334
Broadbeans (fava beans),"Broadbeans (fava beans), mature seeds, cooked, boiled, without salt",16053,81.13091,-105.13742
Chickpeas (garbanzo beans,"Chickpeas (garbanzo beans, bengal gram), mature seeds, raw",16056,82.28604,-108.994804
Chickpeas (garbanzo beans,"Chickpeas (garbanzo beans, bengal gram), mature seeds, cooked, boiled, without salt",16057,81.51362,-106.69591
Chili with beans,"Chili with beans, canned",16059,82.18557,-104.02019
Cowpeas,"Cowpeas, common (blackeyes, crowder, southern), mature seeds, cooked, boiled, without salt",16063,81.16002,-105.7498
Lentils,"Lentils, raw",16069,82.12243,-108.804214
Lentils,"Lentils, mature seeds, cooked, boiled, without salt",16070,81.30279,-105.91255
Lima beans,"Lima beans, large, mature seeds, cooked, boiled, without salt",16072,81.352486,-106.15099
Mung beans,"Mung beans, mature seeds, cooked, boiled, without salt",16081,81.14481,-105.50045
Noodles,"Noodles, chinese, cellophane or long rice (mung beans), dehydrated",16082,78.84712,-107.3185
Peas,"Peas, split, mature seeds, cooked, boiled, without salt",16086,81.392876,-105.82296
Peanuts,"Peanuts, all types, raw",16087,81.92401,-111.95561
Peanuts,"Peanuts, all types, cooked, boiled, with salt",16088,81.72207,-111.4557
Peanuts,"Peanuts, all types, oil-roasted, with salt",16089,81.50726,-111.91238
Peanuts,"Peanuts, all types, dry-roasted, with salt",16090,81.22436,-111.699814
Peanut butter,"Peanut butter, smooth style, with salt (Includes foods for USDA's Food Distribution Program)",16098,81.2879,-111.9697
Peanut flour,"Peanut flour, defatted",16099,82.78047,-109.625786
Refried beans,"Refried beans, canned, traditional style",16103,80.71065,-103.75207
Bacon,"Bacon, meatless",16104,82.97951,-102.35955
Sausage,"Sausage, meatless",16107,83.11836,-101.751755
Soybeans,"Soybeans, mature cooked, boiled, without salt",16109,81.81636,-107.66149
Soybeans,"Soybeans, mature seeds, roasted, salted",16110,82.38823,-110.408455
Miso,Miso,16112,81.83737,-102.86536
Natto,Natto,16113,82.15102,-109.290634
Soy flour,"Soy flour, full-fat, raw",16115,82.8135,-109.690834
Soy flour,"Soy flour, defatted",16117,82.43121,-109.73216
Soy protein isolate,Soy protein isolate,16122,82.50806,-97.38806
Soy sauce made from soy and wheat (shoyu),Soy sauce made from soy and wheat (shoyu),16123,81.57285,-102.3161
Tofu,"Tofu, soft, prepared with calcium sulfate and magnesium chloride (nigari)",16127,77.7953,-98.6037
Tofu,"Tofu, fried",16129,82.1357,-111.22208
Soymilk,"Soymilk, original and vanilla, with added calcium, vitamins A and D",16139,78.17195,-98.18134
Veggie burgers or soyburgers,"Veggie burgers or soyburgers, unprepared",16147,82.57014,-102.56848
Peanut spread,"Peanut spread, reduced sugar",16149,81.54416,-111.92145
Peanut butter,"Peanut butter, smooth, reduced fat",16150,82.21773,-111.53851
Peanut butter,"Peanut butter, smooth, vitamin and mineral fortified",16155,83.22834,-111.038826
Soymilk,"Soymilk, chocolate, with added calcium, vitamins A and D",16168,77.72893,-98.72331
Soymilk,"Soymilk, original and vanilla, light, with added calcium, vitamins A and D",16225,77.9676,-97.90008
Soymilk,"Soymilk, chocolate and other flavors, light, with added calcium, vitamins A and D",16227,77.94546,-98.72423
Soymilk (all flavors),"Soymilk (all flavors), nonfat, with added calcium, vitamins A and D",16230,78.076065,-98.003365
Beans,"Beans, black, mature seeds, canned, low sodium",16316,81.07199,-105.03754
Beans,"Beans, great northern, mature seeds, canned, low sodium",16326,80.83262,-105.07622
Beans,"Beans, kidney, red, mature seeds, canned, solids and liquid, low sodium",16337,80.93702,-104.37348
Beans,"Beans, pinto, mature seeds, canned, solids and liquids, low sodium",16347,80.7069,-104.11509
Chickpeas (garbanzo beans,"Chickpeas (garbanzo beans, bengal gram), mature seeds, canned, solids and liquids, low sodium",16360,80.33669,-103.700554
Peanuts,"Peanuts, all types, oil-roasted, without salt",16389,81.50786,-111.965324
Peanuts,"Peanuts, all types, dry-roasted, without salt",16390,81.37569,-111.72458
Peanut butter,"Peanut butter, smooth style, without salt",16398,81.345726,-111.8892
Refried beans,"Refried beans, canned, traditional, reduced sodium",16403,80.38561,-103.82158
Soy sauce made from soy and wheat (shoyu),"Soy sauce made from soy and wheat (shoyu), low sodium",16424,81.35183,-102.36884
Lamb,"Lamb, composite of trimmed retail cuts, separable lean and fat, trimmed to 1/4"" fat, choice, cooked",17002,81.59094,-96.93836
Lamb,"Lamb, foreshank, separable lean and fat, trimmed to 1/4"" fat, choice, cooked, braised",17008,82.332054,-96.27207
Lamb,"Lamb, leg, whole (shank and sirloin), separable lean and fat, trimmed to 1/4"" fat, choice, cooked, roasted",17012,82.19063,-96.7571
Lamb,"Lamb, leg, whole (shank and sirloin), separable lean only, trimmed to 1/4"" fat, choice, cooked, roasted",17014,83.0705,-97.17027
Lamb,"Lamb, loin, separable lean and fat, trimmed to 1/4"" fat, choice, cooked, broiled",17024,81.58324,-97.18698
Lamb,"Lamb, loin, separable lean only, trimmed to 1/4"" fat, choice, cooked, broiled",17027,82.80611,-96.63107
Lamb,"Lamb, rib, separable lean and fat, trimmed to 1/4"" fat, choice, cooked, broiled",17030,80.27944,-112.1942
Lamb,"Lamb, rib, separable lean only, trimmed to 1/4"" fat, choice, cooked, broiled",17033,82.50956,-96.78299
Lamb,"Lamb, shoulder, whole (arm and blade), separable lean and fat, trimmed to 1/4"" fat, choice, raw",17035,81.37485,-98.266754
Lamb,"Lamb, shoulder, whole (arm and blade), separable lean and fat, trimmed to 1/4"" fat, choice, cooked, roasted",17038,81.83558,-97.43464
Lamb,"Lamb, shoulder, whole (arm and blade), separable lean only, trimmed to 1/4"" fat, choice, raw",17039,83.252594,-98.23807
Lamb,"Lamb, shoulder, whole (arm and blade), separable lean only, trimmed to 1/4"" fat, choice, cooked, roasted",17042,82.40279,-97.12413
Lamb,"Lamb, cubed for stew or kabob (leg and shoulder), separable lean only, trimmed to 1/4"" fat, cooked, braised",17060,82.366806,-96.45862
Veal,"Veal, composite of trimmed retail cuts, separable lean and fat, cooked",17089,83.04211,-96.24893
Veal,"Veal, composite of trimmed retail cuts, separable lean only, cooked",17091,82.99908,-96.30808
Veal,"Veal, leg (top round), separable lean and fat, raw",17094,83.99357,-98.33193
Veal,"Veal, leg (top round), separable lean and fat, cooked, braised",17095,83.251526,-96.57935
Veal,"Veal, leg (top round), separable lean and fat, cooked, pan-fried, breaded",17096,83.52926,-96.651375
Veal,"Veal, leg (top round), separable lean and fat, cooked, pan-fried, not breaded",17097,83.179955,-96.67812
Veal,"Veal, leg (top round), separable lean and fat, cooked, roasted",17098,83.77327,-96.662056
Veal,"Veal, leg (top round), separable lean only, cooked, pan-fried, breaded",17101,83.49222,-96.59791
Veal,"Veal, leg (top round), separable lean only, cooked, pan-fried, not breaded",17102,83.01006,-97.01203
Veal,"Veal, loin, separable lean and fat, raw",17104,83.37071,-97.833
Veal,"Veal, loin, separable lean and fat, cooked, roasted",17106,83.61222,-96.33777
Veal,"Veal, loin, separable lean only, cooked, roasted",17109,83.96003,-96.44707
Veal,"Veal, shoulder, whole (arm and blade), separable lean and fat, raw",17116,83.4837,-98.514046
Veal,"Veal, sirloin, separable lean and fat, raw",17134,83.979576,-98.57819
Veal,"Veal, sirloin, separable lean and fat, cooked, roasted",17136,83.78466,-96.72178
Veal,"Veal, ground, cooked, broiled",17143,83.78613,-96.842636
Game meat,"Game meat, bear, cooked, simmered",17147,81.98734,-96.63619
Game meat,"Game meat, beaver, cooked, roasted",17151,82.70979,-97.172356
Game meat,"Game meat, bison, separable lean only, cooked, roasted",17157,82.97032,-96.992516
Game meat,"Game meat, boar, wild, cooked, roasted",17159,83.31532,-96.795845
Game meat,"Game meat, caribou, cooked, roasted",17163,82.79868,-97.28639
Game meat,"Game meat, goat, cooked, roasted",17169,83.45266,-96.90215
Game meat,"Game meat, moose, cooked, roasted",17173,82.99848,-97.53736
Game meat,"Game meat, opossum, cooked, roasted",17176,82.774284,-96.995255
Game meat,"Game meat, rabbit, domesticated, composite of cuts, cooked, stewed",17179,82.698906,-97.163666
Game meat,"Game meat, rabbit, wild, cooked, stewed",17181,82.63346,-96.700676
Game meat,"Game meat, raccoon, cooked, roasted",17182,82.744514,-97.27376
Game meat,"Game meat, squirrel, cooked, roasted",17184,82.915306,-96.89924
Veal,"Veal, variety meats and by-products, thymus, cooked, braised",17219,82.93161,-95.81101
Lamb,"Lamb, ground, raw",17224,81.37425,-98.31333
Lamb,"Lamb, ground, cooked, broiled",17225,81.88352,-97.08614
Game meat,"Game meat, deer, ground, raw",17343,83.38157,-98.70149
Game meat,"Game meat, deer, ground, cooked, pan-broiled",17344,83.29316,-97.325
Game meat,"Game meat, deer, loin, separable lean only, 1"" steak, cooked, broiled",17345,83.52401,-97.266205
Game meat,"Game meat, deer, shoulder clod, separable lean only, cooked, braised",17346,82.28709,-96.99055
Bagels,"Bagels, plain, enriched, with calcium propionate (includes onion, poppy, sesame)",18001,79.589935,-107.04248
Biscuits,"Biscuits, plain or buttermilk, dry mix",18010,80.46383,-108.59641
Biscuits,"Biscuits, plain or buttermilk, refrigerated dough, higher fat, baked",18015,80.33942,-106.75586
Bread,"Bread, cornbread, dry mix, enriched (includes corn muffin mix)",18022,80.41411,-108.530685
Bread,"Bread, cornbread, dry mix, prepared with 2% milk, 80% margarine, and eggs",18023,79.724495,-107.401634
Bread,"Bread, egg",18027,79.72664,-106.77117
Bread,"Bread, french or vienna (includes sourdough)",18029,79.868706,-107.11929
Bread,"Bread, Italian",18033,79.72943,-106.7535
Bread,"Bread, oatmeal",18039,80.13562,-106.94036
Bread,"Bread, pita, white, enriched",18041,79.644005,-106.97765
Bread,"Bread, pita, whole-wheat",18042,81.08581,-107.964554
Bread,"Bread, protein (includes gluten)",18043,81.1498,-107.89378
Bread,"Bread, pumpernickel",18044,81.08939,-107.633446
Bread,"Bread, reduced-calorie, white",18057,81.141495,-107.46956
Bread,"Bread, rye",18060,80.74987,-107.272675
Bread,"Bread, wheat",18064,80.60354,-107.10432
Bread,"Bread, white, commercially prepared (includes soft bread crumbs)",18069,79.85582,-106.812225
Bread,"Bread, whole-wheat, commercially prepared",18075,81.49559,-108.04319
Bread,"Bread, crumbs, dry, grated, plain",18079,81.155975,-108.056946
Bread,"Bread, sticks, plain",18080,80.408905,-108.16241
Bread,"Bread, stuffing, dry mix",18081,80.85066,-107.562386
Bread,"Bread, stuffing, dry mix, prepared",18082,78.50942,-103.38659
Bread,"Bread, stuffing, cornbread, dry mix, prepared",18085,78.8431,-103.37997
Cake,"Cake, angelfood, dry mix, prepared",18088,75.85233,-100.25321
Cake,"Cake, boston cream pie, commercially prepared",18090,76.388504,-101.60717
Cake,"Cake, cherry fudge with chocolate frosting",18095,76.65431,-102.21377
Cake,"Cake, chocolate, commercially prepared with chocolate frosting, in-store bakery",18096,78.82191,-109.73364
Cake,"Cake, pudding-type, chocolate, dry mix",18097,79.65678,-108.70735
Cake,"Cake, white, prepared from recipe with coconut frosting",18102,74.74322,-98.26535
Cake,"Cake, fruitcake, commercially prepared",18110,76.77835,-103.28339
Cake,"Cake, gingerbread, dry mix",18114,79.11582,-109.02852
Cake,"Cake, pound, commercially prepared, butter (includes fresh and frozen)",18120,78.336494,-108.43087
Cake,"Cake, snack cakes, creme-filled, chocolate with frosting",18127,79.153984,-109.45579
Cake,"Cake, snack cakes, creme-filled, sponge",18128,78.51052,-108.82609
Cake,"Cake, sponge, commercially prepared",18133,75.85848,-100.73454
Cake,"Cake, pudding-type, white, enriched, dry mix",18135,78.783966,-108.40703
Cake,"Cake, yellow, commercially prepared, with chocolate frosting, in-store bakery",18140,78.71737,-109.617256
Cake,"Cake, yellow, commercially prepared, with vanilla frosting",18141,78.04166,-108.94992
Cake,"Cake, pudding-type, yellow, dry mix",18142,79.049675,-108.602356
Cake,"Cake, yellow, enriched, dry mix",18144,79.43219,-108.464714
Cake,"Cake, cheesecake, commercially prepared",18147,79.088974,-111.86573
Cookies,"Cookies, brownies, commercially prepared",18151,78.905235,-109.527885
Cookies,"Cookies, butter, commercially prepared, enriched",18155,78.90963,-109.99011
Cookies,"Cookies, chocolate wafers",18157,79.346535,-109.50168
Cookies,"Cookies, chocolate chip, commercially prepared, regular, lower fat",18158,79.347755,-109.86144
Cookies,"Cookies, chocolate chip, commercially prepared, regular, higher fat, enriched",18159,80.25279,-111.03212
Cookies,"Cookies, chocolate sandwich, with creme filling, regular",18166,79.56843,-110.14047
Cookies,"Cookies, chocolate sandwich, with extra creme filling",18168,79.75296,-110.60616
Cookies,"Cookies, fig bars",18170,78.724075,-108.517914
Cookies,"Cookies, fortune",18171,74.88587,-98.1451
Cookies,"Cookies, gingersnaps",18172,79.851555,-108.76116
Cookies,"Cookies, graham crackers, plain or honey (includes cinnamon)",18173,79.90771,-108.95934
Cookies,"Cookies, graham crackers, chocolate-coated",18174,79.11455,-111.294754
Cookies,"Cookies, ladyfingers, with lemon juice and rind",18175,82.485085,-95.87645
Cookies,"Cookies, marshmallow, chocolate-coated (includes marshmallow pies)",18176,78.77813,-109.56911
Cookies,"Cookies, molasses",18177,79.78789,-108.942184
Cookies,"Cookies, oatmeal, commercially prepared, regular",18178,79.74434,-109.81463
Cookies,"Cookies, peanut butter, commercially prepared, regular",18185,80.77877,-111.16421
Cookies,"Cookies, peanut butter sandwich, regular",18190,80.47378,-110.67617
Cookies,"Cookies, raisin, soft-type",18191,78.78575,-109.30631
Cookies,"Cookies, shortbread, commercially prepared, plain",18192,80.86896,-111.92574
Cookies,"Cookies, chocolate chip, commercially prepared, special dietary",18198,78.96042,-109.36109
Cookies,"Cookies, chocolate sandwich, with creme filling, special dietary",18199,80.920944,-110.885445
Cookies,"Cookies, oatmeal, commercially prepared, special dietary",18200,79.456345,-109.64446
Cookies,"Cookies, sugar wafer, with creme filling, sugar free",18202,82.06851,-112.29605
Cookies,"Cookies, sugar, commercially prepared, regular (includes vanilla)",18204,79.29501,-110.09246
Cookies,"Cookies, sugar wafers with creme filling, regular",18209,79.059265,-110.600945
Cookies,"Cookies, vanilla sandwich with creme filling",18210,79.11431,-109.599144
Puff pastry,"Puff pastry, frozen, ready-to-bake, baked",18211,81.7171,-113.166016
Cookies,"Cookies, vanilla wafers, lower fat",18212,78.61925,-109.231346
Cookies,"Cookies, vanilla wafers, higher fat",18213,78.95689,-109.65657
Crackers,"Crackers, cheese, regular",18214,81.91701,-112.36301
Crackers,"Crackers, crispbread, rye",18216,82.36589,-108.70548
Crackers,"Crackers, matzo, plain",18217,79.92966,-107.73176
Crackers,"Crackers, melba toast, plain",18220,81.31321,-108.121155
Crackers,"Crackers, milk",18223,80.30165,-108.77547
Crackers,"Crackers, saltines (includes oyster, soda, soup)",18228,80.37119,-107.91669
Crackers,"Crackers, standard snack-type, regular",18229,82.04541,-112.986755
Crackers,"Crackers, standard snack-type, sandwich, with cheese filling",18230,80.61026,-109.48009
Crackers,"Crackers, standard snack-type, sandwich, with peanut butter filling",18231,81.30241,-111.44815
Crackers,"Crackers, wheat, regular",18232,81.447205,-110.316986
Crackers,"Crackers, whole-wheat",18235,82.00051,-110.07466
Cream puff shell,"Cream puff shell, prepared from recipe",18237,82.9662,-95.59605
Croissants,"Croissants, butter",18239,79.44012,-111.23257
Croissants,"Croissants, cheese",18241,79.65094,-110.49424
Croutons,"Croutons, seasoned",18243,80.368004,-109.33954
Danish pastry,"Danish pastry, cinnamon, enriched",18244,79.81336,-110.33848
Danish pastry,"Danish pastry, cheese",18245,80.09468,-111.72917
Danish pastry,"Danish pastry, fruit, enriched (includes apple, cinnamon, raisin, lemon, raspberry, strawberry)",18246,78.34406,-109.09908
Doughnuts,"Doughnuts, cake-type, plain (includes unsugared, old-fashioned)",18248,79.63516,-111.0646
Doughnuts,"Doughnuts, yeast-leavened, glazed, enriched (includes honey buns)",18255,79.30633,-110.676674
Muffins,"Muffins, English, plain, enriched, with ca prop (includes sourdough)",18258,79.997955,-106.7391
Muffins,"Muffins, English, wheat",18264,80.425156,-107.04603
Ice cream cones,"Ice cream cones, cake or wafer-type",18271,79.89858,-108.05232
Ice cream cones,"Ice cream cones, sugar, rolled-type",18272,79.84162,-108.49615
Muffins,"Muffins, blueberry, commercially prepared (Includes mini-muffins)",18274,78.45225,-108.761475
Muffins,"Muffins, corn, commercially prepared",18279,79.79999,-107.20896
Muffins,"Muffins, oat bran",18283,81.89114,-108.94228
Pancakes plain,"Pancakes plain, frozen, ready-to-heat (includes buttermilk)",18288,83.172195,-110.41201
Pancakes,"Pancakes, plain, dry mix, incomplete (includes buttermilk)",18291,80.78596,-108.64069
Pancakes,"Pancakes, buckwheat, dry mix, incomplete",18295,82.144,-109.37406
Pie,"Pie, apple, commercially prepared, enriched flour",18301,77.454475,-102.89366
Pie,"Pie, banana cream, prepared from recipe",18304,78.23164,-104.441475
Pie,"Pie, blueberry, commercially prepared",18305,77.90939,-103.03255
Pie,"Pie, cherry, commercially prepared",18308,77.47242,-102.96352
Pie,"Pie, chocolate creme, commercially prepared",18310,78.80804,-111.05485
Pie,"Pie, coconut creme, commercially prepared",18313,77.34278,-103.592094
Pie,"Pie, egg custard, commercially prepared",18317,78.32155,-103.93767
Pie,"Pie, fried pies, fruit",18319,77.34397,-103.81061
Pie,"Pie, lemon meringue, commercially prepared",18320,76.84614,-102.36116
Pie,"Pie, mince, prepared from recipe",18322,76.81301,-102.794846
Pie,"Pie, peach",18323,77.67505,-102.614265
Pie,"Pie, pecan, commercially prepared",18324,78.684265,-109.113686
Pie,"Pie, pumpkin, commercially prepared",18326,85.01823,-105.990364
Pie,"Pie, vanilla cream, prepared from recipe",18328,78.15586,-104.43926
Pie crust,"Pie crust, standard-type, frozen, ready-to-bake, enriched, baked",18335,80.76018,-112.23376
Phyllo dough,Phyllo dough,18338,79.63998,-106.90513
Rolls,"Rolls, dinner, plain, commercially prepared (includes brown-and-serve)",18342,80.03382,-107.29986
Rolls,"Rolls, dinner, wheat",18347,80.1812,-107.044876
Rolls,"Rolls, french",18349,79.76168,-107.032684
Rolls,"Rolls, hamburger or hotdog, plain",18350,79.67763,-107.136215
Rolls,"Rolls, hamburger or hotdog, mixed-grain",18351,80.44016,-107.10153
Rolls,"Rolls, hard (includes kaiser)",18353,79.973404,-107.2259
Strudel,"Strudel, apple",18354,76.952934,-102.919876
Sweet rolls,"Sweet rolls, cinnamon, commercially prepared with raisins",18356,78.27278,-109.09455
Taco shells,"Taco shells, baked",18360,81.71462,-111.09485
Tortillas,"Tortillas, ready-to-bake or -fry, corn",18363,81.34137,-107.59074
Tortillas,"Tortillas, ready-to-bake or -fry, flour, refrigerated",18364,80.045235,-107.01659
Leavening agents,"Leavening agents, baking powder, double-acting, sodium aluminum sulfate",18369,81.04611,-109.899315
Leavening agents,"Leavening agents, baking powder, double-acting, straight phosphate",18370,81.31703,-110.109344
Leavening agents,"Leavening agents, baking soda",18372,81.84735,-102.657455
Leavening agents,"Leavening agents, cream of tartar",18373,81.854774,-108.532
Leavening agents,"Leavening agents, yeast, baker's, compressed",18374,84.453156,-108.528885
Leavening agents,"Leavening agents, yeast, baker's, active dry",18375,84.86458,-109.31654
Pie crust,"Pie crust, cookie-type, prepared from recipe, vanilla wafer, chilled",18401,81.16466,-112.34549
Pie crust,"Pie crust, standard-type, prepared from recipe, unbaked",18402,81.1813,-112.51576
Bread,"Bread, white, commercially prepared, low sodium, no salt",18416,79.82117,-106.86487
Crackers,"Crackers, saltines, low salt (includes oyster, soda, soup)",18425,80.92685,-108.2909
Crackers,"Crackers, whole-wheat, low salt",18429,82.00651,-110.62679
Crackers,"Crackers, cheese, low sodium",18434,80.85232,-111.28825
Cake,"Cake, pound, commercially prepared, fat-free",18451,75.680786,-99.97164
Crackers,"Crackers, saltines, fat-free, low-sodium",18457,80.60237,-107.72714
Tart,"Tart, breakfast, low fat",18459,79.92843,-108.16563
Waffle,"Waffle, buttermilk, frozen, ready-to-heat, toasted",18933,83.05579,-110.36456
Toaster Pastries,"Toaster Pastries, fruit, frosted (include apples, blueberry, cherry, strawberry)",18938,80.41085,-109.36678
Muffin,"Muffin, blueberry, commercially prepared, low-fat",18940,76.40485,-102.189545
Pie Crust,"Pie Crust, Cookie-type, Graham Cracker, Ready Crust",18942,80.71753,-111.52459
Pie Crust,"Pie Crust, Cookie-type, Chocolate, Ready Crust",18943,80.806175,-110.82189
Crackers,"Crackers, whole-wheat, reduced fat",18949,82.05219,-109.371315
Crackers,"Crackers, wheat, reduced fat",18950,80.64145,-109.23388
Bread,"Bread, pan dulce, sweet yeast bread",18955,79.668304,-107.6528
Garlic bread,"Garlic bread, frozen",18963,79.36829,-106.336914
Cinnamon buns,"Cinnamon buns, frosted (includes honey buns)",18964,79.52349,-111.58284
Crackers,"Crackers, cheese, reduced fat",18965,80.45115,-107.569534
Crackers,"Crackers, saltines, whole wheat (includes multi-grain)",18966,81.33398,-108.56166
Bread,"Bread, white wheat",18967,80.742935,-107.73673
Bagels,"Bagels, wheat",18968,80.6665,-107.33438
Cream puff,"Cream puff, eclair, custard or cream filled, iced",18969,78.18057,-108.373566
Bread,"Bread, potato",18971,81.50378,-108.43275
Bread,"Bread, cheese",18972,81.71555,-112.8131
Focaccia,"Focaccia, Italian flatbread, plain",18973,79.52725,-105.974884
SCHIFF,"SCHIFF,TIGER'S MILK BAR",19000,82.93878,-110.020584
Candies,"Candies, TOBLERONE, milk chocolate with honey and almond nougat",19001,79.02456,-111.44765
Snacks,"Snacks, beef jerky, chopped and formed",19002,82.06755,-102.90684
Snacks,"Snacks, corn-based, extruded, chips, plain",19003,81.956505,-112.55988
Snacks,"Snacks, corn-based, extruded, onion-flavor",19007,81.093346,-111.354355
Snacks,"Snacks, corn-based, extruded, puffs or twists, cheese-flavor",19008,81.84561,-112.640945
Snacks,"Snacks, KRAFT, CORNNUTS, plain",19009,81.66853,-110.57392
Snacks,"Snacks, fruit leather, pieces",19013,74.911804,-97.54199
Snacks,"Snacks, fruit leather, rolls",19014,75.3713,-97.65174
Snacks,"Snacks, granola bars, hard, plain",19015,81.68168,-111.295494
Fruit syrup,Fruit syrup,19018,74.81324,-97.74922
Candies,"Candies, honey-combed, with peanut butter",19025,79.478516,-110.30776
Snacks,"Snacks, granola bars, soft, coated, milk chocolate coating, peanut butter",19026,80.347374,-111.68936
Syrup,"Syrup, fruit flavored",19030,74.8462,-97.490234
Snacks,"Snacks, GENERAL MILLS, CHEX MIX, traditional flavor",19033,80.60353,-108.86129
Snacks,"Snacks, popcorn, air-popped",19034,82.7708,-108.77951
Snacks,"Snacks, popcorn, cakes",19036,81.823845,-108.85702
Snacks,"Snacks, popcorn, caramel-coated, with peanuts",19038,79.435,-108.881645
Snacks,"Snacks, popcorn, caramel-coated, without peanuts",19039,78.54235,-109.056435
Snacks,"Snacks, popcorn, cheese-flavor",19040,81.97783,-112.221794
Snacks,"Snacks, pork skins, plain",19041,81.77058,-96.79309
Snacks,"Snacks, potato chips, barbecue-flavor",19042,81.95712,-111.79224
Snacks,"Snacks, potato chips, made from dried potatoes, reduced fat",19045,82.25483,-112.75829
Snacks,"Snacks, pretzels, hard, plain, salted",19047,80.48403,-107.87586
Snacks,"Snacks, M&M MARS, COMBOS Snacks Cheddar Cheese Pretzel",19049,79.69154,-109.193985
Snacks,"Snacks, tortilla chips, plain, white corn, salted",19056,81.94293,-111.940765
Snacks,"Snacks, tortilla chips, nacho cheese",19057,81.77187,-112.25601
Candies,"Candies, NESTLE, BIT-O'-HONEY Candy Chews",19068,74.801895,-98.155914
Candies,"Candies, NESTLE, BUTTERFINGER Bar",19069,79.00956,-110.262375
Candies,"Candies, butterscotch",19070,74.548416,-96.541954
Candies,"Candies, carob, unsweetened",19071,79.37322,-112.037125
Candies,"Candies, caramels",19074,74.482056,-97.70478
Candies,"Candies, caramels, chocolate-flavor roll",19076,74.72499,-97.839905
Baking chocolate,"Baking chocolate, unsweetened, squares",19078,82.67263,-110.29913
Candies,"Candies, confectioner's coating, yogurt",19079,79.02912,-111.771835
Candies,"Candies, semisweet chocolate",19080,79.79726,-111.47908
Candies,"Candies, sweet chocolate",19081,79.94828,-111.59787
Candies,"Candies, sweet chocolate coated fondant",19083,74.19589,-97.426865
Candies,"Candies, confectioner's coating, butterscotch",19085,78.733574,-111.71904
Candies,"Candies, confectioner's coating, peanut butter",19086,81.05821,-111.31445
Candies,"Candies, white chocolate",19087,79.33993,-111.91412
Ice creams,"Ice creams, vanilla, light",19088,76.61664,-100.9742
Ice creams,"Ice creams, vanilla, rich",19089,76.96575,-102.40417
Ice creams,"Ice creams, vanilla",19095,76.940025,-101.73172
Sherbet,"Sherbet, orange",19097,77.0278,-100.618355
Candies,"Candies, 5TH AVENUE Candy Bar",19098,80.14992,-110.48701
Candies,"Candies, fondant, prepared-from-recipe",19099,74.52419,-96.2675
Candies,"Candies, fudge, chocolate, prepared-from-recipe",19100,74.170906,-97.50799
Candies,"Candies, fudge, chocolate, with nuts, prepared-from-recipe",19101,78.7225,-110.08617
Candies,"Candies, fudge, vanilla, prepared-from-recipe",19103,74.35148,-96.9285
Candies,"Candies, fudge, vanilla with nuts",19104,74.23135,-97.36435
Candies,"Candies, gumdrops, starch jelly pieces",19106,74.84956,-97.41292
Candies,"Candies, hard",19107,74.7888,-97.20452
Candies,"Candies, jellybeans",19108,74.5169,-97.012
Candies,"Candies, KIT KAT Wafer Bar",19109,79.07965,-111.47893
Candies,"Candies, NESTLE, BABY RUTH Bar",19111,78.8047,-110.65206
Ice creams,"Ice creams, chocolate, light",19114,76.78012,-101.308876
Candies,"Candies, MARS SNACKFOOD US, MARS Almond Bar",19115,80.914444,-111.068886
Candies,"Candies, marshmallows",19116,74.85603,-97.68702
Candies,"Candies, NESTLE, OH HENRY! Bar",19118,79.56908,-110.48815
Candies,"Candies, milk chocolate",19120,79.52529,-111.34148
Baking chocolate,"Baking chocolate, mexican, squares",19124,79.076805,-109.82164
Chocolate-flavored hazelnut spread,Chocolate-flavored hazelnut spread,19125,78.999504,-111.924065
Candies,"Candies, milk chocolate coated peanuts",19126,80.87374,-111.58283
Candies,"Candies, milk chocolate coated raisins",19127,79.18531,-110.51179
Syrups,"Syrups, table blends, pancake, reduced-calorie",19128,75.9451,-99.807655
Candies,"Candies, milk chocolate, with almonds",19132,80.495514,-111.675835
Candies,"Candies, milk chocolate, with rice cereal",19134,79.71581,-111.21086
Candies,"Candies, MARS SNACKFOOD US, MILKY WAY Bar",19135,78.35116,-110.60851
Candies,"Candies, HERSHEY'S SKOR Toffee Bar",19136,79.03971,-111.92028
Toppings,"Toppings, strawberry",19137,75.57294,-99.4884
Candies,"Candies, MARS SNACKFOOD US, M&M's Peanut Chocolate Candies",19140,80.24771,-110.644325
Candies,"Candies, MARS SNACKFOOD US, M&M's Milk Chocolate Candies",19141,78.93251,-110.810555
Candies,"Candies, MOUNDS Candy Bar",19142,78.93272,-111.62744
Candies,"Candies, MR. GOODBAR Chocolate Bar",19143,79.85409,-111.30274
Candies,"Candies, NESTLE, 100 GRAND Bar",19144,78.639366,-110.644516
Candies,"Candies, peanut bar",19147,81.72011,-111.90301
Candies,"Candies, peanut brittle, prepared-from-recipe",19148,79.112,-109.86797
Candies,"Candies, REESE'S Peanut Butter Cups",19150,80.72012,-111.2347
Candies,"Candies, REESE'S PIECES Candy",19151,79.34669,-111.12601
Candies,"Candies, ROLO Caramels in Milk Chocolate",19152,78.436134,-110.892204
Candies,"Candies, sesame crunch",19154,82.22817,-110.90783
Candies,"Candies, MARS SNACKFOOD US, SNICKERS Bar",19155,79.806114,-110.61821
Candies,"Candies, MARS SNACKFOOD US, STARBURST Fruit Chews, Original fruits",19156,74.78082,-97.56171
Candies,"Candies, MARS SNACKFOOD US, 3 MUSKETEERS Bar",19159,74.21908,-98.019005
Candies,"Candies, MARS SNACKFOOD US, TWIX Caramel Cookie Bars",19160,78.742485,-111.47242
Candies,"Candies, MARS SNACKFOOD US, TWIX Peanut Butter Cookie Bars",19161,80.493416,-111.81021
Candies,"Candies, WHATCHAMACALLIT Candy Bar",19162,78.83465,-111.30944
Chewing gum,Chewing gum,19163,74.774284,-97.06924
Cocoa,"Cocoa, dry powder, unsweetened",19165,82.49291,-109.78769
Gelatin desserts,"Gelatin desserts, dry mix, prepared with water",19173,78.43566,-99.700676
Gelatin desserts,"Gelatin desserts, dry mix, reduced calorie, with aspartame, prepared with water",19176,79.97664,-96.79913
Gelatins,"Gelatins, dry powder, unsweetened",19177,83.17977,-97.70538
Puddings,"Puddings, chocolate, ready-to-eat",19183,77.39422,-100.81125
Puddings,"Puddings, chocolate, dry mix, instant",19184,74.95353,-97.50774
Puddings,"Puddings, rice, ready-to-eat",19193,77.502,-100.004555
Puddings,"Puddings, vanilla, ready-to-eat",19201,77.66608,-100.81885
Puddings,"Puddings, vanilla, dry mix, instant",19202,74.510994,-96.26362
Puddings,"Puddings, tapioca, ready-to-eat",19218,77.65384,-100.465546
Frostings,"Frostings, chocolate, creamy, ready-to-eat",19226,78.26326,-109.691574
Frostings,"Frostings, vanilla, creamy, ready-to-eat",19230,75.08897,-97.774536
Candies,"Candies, HERSHEY, REESESTICKS crispy wafers, peanut butter, milk chocolate",19249,80.57806,-111.48956
Ice creams,"Ice creams, vanilla, light, no sugar added",19260,77.11707,-100.54349
Frozen novelties,"Frozen novelties, fruit and juice bars",19263,77.760376,-100.62377
Ice creams,"Ice creams, chocolate, light, no sugar added",19265,77.527466,-101.23311
Ice creams,"Ice creams, chocolate",19270,76.94135,-101.77051
Candies,"Candies, milk chocolate coated coffee beans",19279,79.89533,-111.72015
Frozen novelties,"Frozen novelties, ice type, lime",19280,76.57414,-100.147064
Frozen novelties,"Frozen novelties, ice type, pop",19283,77.926155,-100.2407
Frozen yogurts,"Frozen yogurts, vanilla, soft-serve",19293,76.918434,-100.880356
Fruit butters,"Fruit butters, apple",19294,76.1536,-99.953545
Honey,Honey,19296,74.21929,-96.844086
Jams and preserves,Jams and preserves,19297,75.22972,-98.36434
Jellies,Jellies,19300,75.33089,-98.19253
Marmalade,"Marmalade, orange",19303,75.00285,-98.022415
Molasses,Molasses,19304,81.45811,-109.07949
Pie fillings,"Pie fillings, apple, canned",19312,78.03932,-100.90111
Sugars,"Sugars, brown",19334,74.39571,-96.24515
Sugars,"Sugars, granulated",19335,74.260376,-96.27651
Sugars,"Sugars, powdered",19336,74.238174,-96.56944
Sweeteners,"Sweeteners, tabletop, aspartame, EQUAL, packets",19337,74.401215,-96.6632
Syrups,"Syrups, chocolate, HERSHEY'S Genuine Chocolate Flavored Lite Syrup",19345,76.65256,-100.24466
Syrups,"Syrups, chocolate, fudge-type",19348,79.12156,-108.91591
Syrups,"Syrups, corn, dark",19349,74.5529,-96.857254
Syrups,"Syrups, corn, light",19350,74.283104,-97.06337
Syrups,"Syrups, maple",19353,74.65976,-97.90193
Syrups,"Syrups, table blends, pancake, with 2% maple",19360,75.273315,-98.70681
Toppings,"Toppings, butterscotch or caramel",19364,75.090065,-98.25463
Toppings,"Toppings, marshmallow cream",19365,75.14462,-98.12296
Toppings,"Toppings, nuts in syrup",19367,81.21129,-112.04515
Candies,"Candies, MARS SNACKFOOD US, SKITTLES Original Bite Size Candies",19370,74.91628,-96.798676
Snacks,"Snacks, banana chips",19400,79.26647,-112.18453
Snacks,"Snacks, granola bars, soft, uncoated, chocolate chip",19404,79.63646,-109.71637
Snack,"Snack, potato chips, made from dried potatoes, plain",19410,82.001114,-112.50328
Snacks,"Snacks, potato chips, plain, salted",19411,81.895195,-111.90953
Snacks,"Snacks, potato sticks",19415,82.19406,-112.19303
Cheese puffs and twists,"Cheese puffs and twists, corn based, baked, low fat",19434,80.87282,-109.20059
Snacks,"Snacks, granola bar, fruit-filled, nonfat",19435,74.68974,-98.83839
Snacks,"Snacks, KELLOGG, KELLOGG'S RICE KRISPIES TREATS Squares",19438,83.13864,-110.02823
Snacks,"Snacks, KELLOGG, KELLOGG'S, NUTRI-GRAIN Cereal Bars, fruit",19441,84.88092,-110.10187
Snacks,"Snacks, taro chips",19524,82.18596,-112.129234
Snacks,"Snacks, pretzels, hard, plain, made with enriched flour, unsalted",19814,80.25028,-108.01371
Potato chips,"Potato chips, without salt, reduced fat",19823,82.19601,-110.71695
Snacks,"Snacks, tortilla chips, low fat, unsalted",19833,81.36228,-108.69456
Candies,"Candies, sugar-coated almonds",19858,81.07231,-111.21957
Candies,"Candies, soft fruit and nut squares",19866,78.24385,-108.5066
Sweeteners,"Sweeteners, tabletop, sucralose, SPLENDA packets",19868,74.50774,-96.70441
Frozen novelties,"Frozen novelties, No Sugar Added, FUDGSICLE pops",19871,77.02529,-99.65754
Candies,"Candies, REESE's Fast Break, milk chocolate, peanut butter, soft nougats, candy bar",19896,79.54742,-110.462585
Candies,"Candies, chocolate, dark, NFS (45-59% cacao solids 90%; 60-69% cacao solids 5%; 70-85% cacao solids 5%)",19905,80.85229,-111.099945
Candies,"Candies, crispy bar with peanut butter filling",19910,80.67492,-111.37603
Sweetener,"Sweetener, syrup, agave",19912,74.607216,-97.333885
Candies,"Candies, NESTLE, BUTTERFINGER Crisp",19913,79.36212,-110.37847
Candies,"Candies, M&M MARS 3 MUSKETEERS Truffle Crisp",19914,78.922455,-111.59778
Syrups,"Syrups, chocolate, HERSHEY'S Sugar free, Genuine Chocolate Flavored, Lite Syrup",19916,80.683205,-103.70071
Candies,"Candies, M&M MARS Pretzel Chocolate Candies",19917,78.87895,-110.21604
Sweetener,"Sweetener, herbal extract powder from Stevia leaf",19918,78.92846,-106.96033
Candies,"Candies, fruit snacks, with high vitamin C",19919,75.27112,-97.41185
Jams,"Jams, preserves, marmalades, sweetened with fruit juice",19920,75.6105,-99.202034
Candies,"Candies, Tamarind",19921,74.862625,-96.877205
Candies,"Candies, coconut bar, not chocolate covered",19922,79.03036,-112.30345
Candies,"Candies, HERSHEYS, PAYDAY Bar",19923,81.38211,-110.88556
Syrup,"Syrup, NESTLE, chocolate",19924,75.03149,-97.814644
Barley,"Barley, pearled, raw",20005,82.53238,-108.840065
Barley,"Barley, pearled, cooked",20006,79.40028,-103.10868
Buckwheat groats,"Buckwheat groats, roasted, cooked",20010,79.857864,-103.342995
Buckwheat flour,"Buckwheat flour, whole-groat",20011,82.54732,-109.451195
Bulgur,"Bulgur, dry",20012,82.49572,-108.867874
Bulgur,"Bulgur, cooked",20013,80.07546,-103.274536
Corn flour,"Corn flour, masa, enriched, white",20017,83.43656,-108.642914
Corn flour,"Corn flour, masa, unenriched, white",20019,81.64317,-108.47344
Cornmeal,"Cornmeal, degermed, enriched, yellow",20022,82.28034,-107.19525
Cornstarch,Cornstarch,20027,78.82372,-107.04747
Couscous,"Couscous, cooked",20029,78.84991,-102.35659
Hominy,"Hominy, canned, white",20030,79.90932,-102.043785
Millet,"Millet, cooked",20032,79.445175,-102.88208
Oat bran,"Oat bran, raw",20033,82.41333,-109.61797
Rice,"Rice, brown, long-grain, raw (Includes foods for USDA's Food Distribution Program)",20036,81.2577,-108.532166
Rice,"Rice, brown, long-grain, cooked (Includes foods for USDA's Food Distribution Program)",20037,79.211555,-103.004196
Rice,"Rice, white, long-grain, regular, raw, enriched",20044,79.659744,-107.56365
Rice,"Rice, white, long-grain, regular, enriched, cooked",20045,78.96122,-102.2476
Rice,"Rice, white, glutinous, unenriched, cooked",20055,79.189026,-101.72927
Rice flour,"Rice flour, white, unenriched",20061,79.35004,-107.60022
Rye flour,"Rye flour, medium",20064,82.19693,-108.84633
Tapioca,"Tapioca, pearl, dry",20068,78.80636,-106.93341
Wheat bran,"Wheat bran, crude",20077,82.86612,-109.51894
Wheat flour,"Wheat flour, whole-grain (Includes foods for USDA's Food Distribution Program)",20080,82.41148,-109.249565
Wheat flour,"Wheat flour, white, all-purpose, enriched, bleached",20081,80.18949,-107.52334
Wheat flour,"Wheat flour, white, bread, enriched",20083,80.19219,-107.45395
Wild rice,"Wild rice, raw",20088,82.23981,-109.43311
Wild rice,"Wild rice, cooked",20089,79.56703,-103.007774
Macaroni,"Macaroni, vegetable, enriched, cooked",20106,79.33183,-103.05738
Noodles,"Noodles, egg, dry, enriched",20109,80.87884,-108.32347
Noodles,"Noodles, egg, enriched, cooked",20110,78.91635,-102.80588
Noodles,"Noodles, egg, spinach, enriched, cooked",20112,83.11553,-106.78324
Noodles,"Noodles, chinese, chow mein",20113,80.23365,-109.35536
Noodles,"Noodles, flat, crunchy, Chinese restaurant",20118,81.88031,-112.87697
Pasta,"Pasta, dry, enriched",20120,80.79637,-108.15446
Pasta,"Pasta, cooked, enriched, without added salt",20121,78.76301,-103.083664
Pasta,"Pasta, whole-wheat, cooked (Includes foods for USDA's Food Distribution Program)",20125,79.53695,-103.6944
Rice noodles,"Rice noodles, cooked",20134,78.93608,-101.73611
Quinoa,"Quinoa, cooked",20137,80.158066,-103.84134
Wheat flour,"Wheat flour, white, all-purpose, unenriched",20481,79.421814,-107.599174
Pasta,"Pasta, gluten-free, corn and rice flour, cooked",20657,78.72985,-102.454056
Fast foods,"Fast foods, biscuit, with egg and bacon",21003,83.13272,-95.55374
Fast foods,"Fast foods, biscuit, with egg and ham",21004,82.791565,-95.67428
Fast Foods,"Fast Foods, biscuit, with egg and sausage",21005,82.81358,-95.79628
Fast foods,"Fast foods, biscuit, with egg, cheese, and bacon",21007,82.90111,-95.73522
Fast foods,"Fast foods, biscuit, with ham",21008,80.57817,-106.53
Fast foods,"Fast foods, biscuit, with sausage",21009,80.67681,-111.60878
Fast foods,"Fast foods, croissant, with egg, cheese, and bacon",21012,82.83533,-95.63175
Fast foods,"Fast foods, croissant, with egg, cheese, and ham",21013,82.79121,-95.5732
Fast foods,"Fast foods, croissant, with egg, cheese, and sausage",21014,82.61295,-95.61709
Fast foods,"Fast foods, egg, scrambled",21018,82.98977,-95.81292
Fast foods,"Fast foods, english muffin, with cheese and sausage",21020,80.67654,-105.36371
Fast foods,"Fast foods, english muffin, with egg, cheese, and canadian bacon",21021,82.74091,-95.713806
Fast foods,"Fast foods, english muffin, with egg, cheese, and sausage",21022,82.64513,-95.812904
Fast foods,"Fast foods, french toast sticks",21024,78.712036,-105.966194
Fast foods,"Fast foods, potatoes, hash browns, round pieces or patty",21026,78.73921,-105.17929
Fast foods,"Fast foods, burrito, with beans and cheese",21061,82.22836,-104.43191
Fast foods,"Fast foods, burrito, with beans, cheese, and beef",21064,79.5567,-104.362206
Fast foods,"Fast foods, nachos, with cheese",21078,81.38411,-112.06463
Fast foods,"Fast foods, nachos, with cheese, beans, ground beef, and tomatoes",21080,79.17267,-104.59452
Fast foods,"Fast foods, taco with beef, cheese and lettuce, hard shell",21082,79.87352,-104.5298
Fast foods,"Fast foods, cheeseburger; single, regular patty, with condiments",21090,81.99879,-104.62563
Fast foods,"Fast foods, hamburger; single, regular patty; with condiments",21108,82.28329,-104.472244
Fast foods,"Fast foods, roast beef sandwich, plain",21121,80.344154,-104.95771
Fast foods,"Fast foods, submarine sandwich, cold cut on white bread with lettuce and tomato",21124,80.118645,-104.75923
Fast foods,"Fast foods, submarine sandwich, roast beef on white bread with lettuce and tomato",21125,79.527855,-104.17781
Fast foods,"Fast foods, hush puppies",21129,80.014984,-106.25025
Fast foods,"Fast foods, onion rings, breaded and fried",21130,82.13632,-113.020645
Fast foods,"Fast foods, potato, french fried in vegetable oil",21138,79.11347,-105.5584
Fast foods,"Fast foods, potato, mashed",21139,79.564835,-102.71093
Fast food,"Fast food, biscuit",21142,80.155136,-107.025635
Fast foods,"Fast foods, submarine sandwich, sweet onion chicken teriyaki on white bread with lettuce, tomato and sweet onion sauce",21151,79.355316,-104.18043
Fast foods,"Fast foods, submarine sandwich, turkey, roast beef and ham on white bread with lettuce and tomato",21153,79.33899,-104.38932
Fast foods,"Fast foods, submarine sandwich, oven roasted chicken on white bread with lettuce and tomato",21154,79.51469,-104.4497
Fast foods,"Fast foods, submarine sandwich, turkey breast on white bread with lettuce and tomato",21155,79.610855,-104.193504
Fast foods,"Fast foods, submarine sandwich, ham on white bread with lettuce and tomato",21156,79.629875,-104.34256
Fast foods,"Fast foods, submarine sandwich, meatball marinara on white bread",21158,82.9205,-103.86128
Fast foods,"Fast foods, submarine sandwich, steak and cheese on white bread with cheese, lettuce and tomato",21160,79.80752,-104.63615
Fast foods,"Fast foods, submarine sandwich, bacon, lettuce, and tomato on white bread",21162,79.6577,-104.96582
Fast foods,"Fast foods, hamburger, large, single patty, with condiments",21202,81.165634,-104.75081
Pizza,"Pizza, cheese topping, regular crust, frozen, cooked",21224,82.62863,-104.31349
Pizza,"Pizza, cheese topping, rising crust, frozen, cooked",21225,82.791374,-104.62715
Pizza,"Pizza, meat and vegetable topping, regular crust, frozen, cooked",21226,82.68229,-104.338486
Pizza,"Pizza, meat and vegetable topping, rising crust, frozen, cooked",21227,82.4334,-104.27969
Fast foods,"Fast foods, chicken, breaded and fried, boneless pieces, plain",21229,81.113945,-111.27637
Fast Food,"Fast Food, Pizza Chain, 14"" pizza, cheese topping, regular crust",21299,82.537994,-104.39453
Fast Food,"Fast Food, Pizza Chain, 14"" pizza, cheese topping, thick crust",21300,82.685936,-104.16874
Fast Food,"Fast Food, Pizza Chain, 14"" pizza, cheese topping, thin crust",21301,82.76499,-104.75764
Fast Food,"Fast Food, Pizza Chain, 14"" pizza, pepperoni topping, regular crust",21302,82.44598,-104.40058
Fast Food,"Fast Food, Pizza Chain, 14"" pizza, pepperoni topping, thick crust",21303,82.52327,-104.464096
Fast Food,"Fast Food, Pizza Chain, 14"" pizza, meat and vegetable topping, regular crust",21304,82.467186,-104.25019
Fast foods,"Fast foods, griddle cake sandwich, egg, cheese, and sausage",21305,82.79554,-95.63083
Fast foods,"Fast foods, griddle cake sandwich, sausage",21306,79.7822,-105.83885
Fast foods,"Fast foods, griddle cake sandwich, egg, cheese, and bacon",21307,82.91587,-95.533676
Fast foods,"Fast foods, hamburger; single, large patty; with condiments, vegetables and mayonnaise",21390,82.05539,-104.4159
Fast foods,"Fast foods, cheeseburger; double, regular patty; with condiments",21395,81.43626,-104.653435
Fast foods,"Fast foods, cheeseburger; single, large patty; with condiments, vegetables and mayonnaise",21397,80.72135,-104.74731
Fast foods,"Fast foods, cheeseburger; single, large patty; with condiments",21398,81.251045,-105.001175
Fast foods,"Fast foods, cheeseburger; double, regular patty; double decker bun with condiments and special sauce",21400,80.47132,-104.8834
Fast foods,"Fast foods, chicken tenders",21401,80.21033,-104.79684
Fast foods,"Fast foods, bagel, with egg, sausage patty, cheese, and condiments",21410,83.0381,-95.627396
Fast foods,"Fast foods, bagel, with breakfast steak, egg, cheese, and condiments",21411,82.99054,-95.658264
Light Ice Cream,"Light Ice Cream, soft serve, blended with milk chocolate candies",21412,76.75358,-101.130356
Light Ice Cream,"Light Ice Cream, soft serve, blended with cookie pieces",21413,76.873184,-100.97568
Fast foods,"Fast foods, grilled chicken, bacon and tomato club sandwich, with cheese, lettuce, and mayonnaise",21461,80.3866,-104.54103
Yogurt parfait,"Yogurt parfait, lowfat, with fruit and granola",21463,77.819565,-99.77148
Fast Foods,"Fast Foods, Fried Chicken, Breast, meat only, skin and breading removed",21464,84.22007,-97.41921
Fast Foods,"Fast Foods, Fried Chicken, Drumstick, meat only, skin and breading removed",21465,83.863495,-96.532684
Fast Foods,"Fast Foods, Fried Chicken, Thigh, meat only, skin and breading removed",21466,83.51904,-96.08351
Fast Foods,"Fast Foods, Fried Chicken, Breast, meat and skin and breading",21469,83.39926,-97.04551
Fast Foods,"Fast Foods, Fried Chicken, Drumstick, meat and skin with breading",21470,82.47475,-97.155365
Fast Foods,"Fast Foods, Fried Chicken, Thigh, meat and skin and breading",21471,82.88049,-96.48644
Fast Foods,"Fast Foods, Fried Chicken, Wing, meat and skin and breading",21472,82.45646,-96.61261
Fast Food,"Fast Food, Pizza Chain, 14"" pizza, sausage topping, thick crust",21482,82.55371,-104.33515
Fast Food,"Fast Food, Pizza Chain, 14"" pizza, sausage topping, thin crust",21483,82.65158,-104.45358
Fast Food,"Fast Food, Pizza Chain, 14"" pizza, sausage topping, regular crust",21484,82.69347,-104.08767
Fast Food,"Fast Food, Pizza Chain, 14"" pizza, pepperoni topping, thin crust",21485,82.57098,-104.39212
Fast foods,"Fast foods, taco with beef, cheese and lettuce, soft",21486,79.85373,-104.68903
Fast foods,"Fast foods, taco with chicken, lettuce and cheese, soft",21487,80.04175,-104.48569
Fast foods,"Fast foods, quesadilla, with chicken",21488,80.526474,-105.47959
Pizza,"Pizza, cheese topping, thin crust, frozen, cooked",21505,82.76955,-104.56019
Fast Food,"Fast Food, Pizza Chain, 14"" pizza, cheese topping, stuffed crust",21511,81.90254,-104.94489
Fast foods,"Fast foods, breakfast burrito, with egg, cheese, and sausage",21519,82.89435,-95.579445
Fast foods,"Fast foods, breadstick, soft, prepared with garlic and parmesan cheese",21520,79.53005,-106.72448
Fast foods,"Fast foods, strawberry banana smoothie made with ice and low-fat yogurt",21521,78.552284,-100.363914
School Lunch,"School Lunch, pizza, cheese topping, thin crust, whole grain, frozen, cooked",21600,82.5468,-104.61063
School Lunch,"School Lunch, pizza, cheese topping, thick crust, whole grain, frozen, cooked",21601,82.835915,-104.51356
School Lunch,"School Lunch, pizza, pepperoni topping, thin crust, whole grain, frozen, cooked",21602,82.57383,-104.76295
School Lunch,"School Lunch, pizza, pepperoni topping, thick crust, whole grain, frozen, cooked",21603,82.883125,-104.840866
School Lunch,"School Lunch, pizza, sausage topping, thin crust, whole grain, frozen, cooked",21604,82.544235,-104.9655
School Lunch,"School Lunch, pizza, sausage topping, thick crust, whole grain, frozen, cooked",21605,82.89947,-104.69265
School Lunch,"School Lunch, chicken patty, whole grain breaded",21610,79.916565,-105.057205
School Lunch,"School Lunch, chicken nuggets, whole grain breaded",21611,80.01471,-104.90718
Macaroni and Cheese,"Macaroni and Cheese, canned entree",22247,79.482864,-101.94924
HOT POCKETS,"HOT POCKETS, CROISSANT POCKETS Chicken, Broccoli, and Cheddar Stuffed Sandwich, frozen",22535,79.604546,-105.15426
HOT POCKETS Ham 'N Cheese Stuffed Sandwich,"HOT POCKETS Ham 'N Cheese Stuffed Sandwich, frozen",22537,79.80028,-105.037125
Ravioli,"Ravioli, cheese-filled, canned",22899,83.7063,-103.9132
Ravioli,"Ravioli, meat-filled, with tomato sauce or meat sauce, canned",22900,83.3362,-103.96933
Tortellini,"Tortellini, pasta with cheese filling, fresh-refrigerated, as purchased",22901,79.8411,-106.70262
Chili con carne with beans,"Chili con carne with beans, canned entree",22904,82.06897,-103.953804
Beef stew,"Beef stew, canned entree",22905,80.25193,-102.08128
Chicken pot pie,"Chicken pot pie, frozen entree, prepared",22906,78.658745,-103.68362
Beef,"Beef, corned beef hash, with potato, canned",22908,78.78898,-102.30571
Lasagna,"Lasagna, cheese, frozen, prepared",22910,83.17567,-103.654366
Chili,"Chili, no beans, canned entree",22911,80.48292,-100.9653
Lasagna with meat & sauce,"Lasagna with meat & sauce, frozen entree",22916,83.45072,-103.85262
Egg rolls,"Egg rolls, pork, refrigerated, heated",22953,85.026215,-106.22536
Egg rolls,"Egg rolls, chicken, refrigerated, heated",22954,84.21692,-105.04394
Egg rolls,"Egg rolls, vegetable, frozen, prepared",22955,84.079865,-105.27823
Turkey,"Turkey, stuffing, mashed potatoes w/gravy, assorted vegetables, frozen, microwaved",22957,79.137505,-103.34679
Rice bowl with chicken,"Rice bowl with chicken, frozen entree, prepared (includes fried, teriyaki, and sweet and sour varieties)",22958,79.22199,-102.81349
Macaroni and cheese dinner with dry sauce mix,"Macaroni and cheese dinner with dry sauce mix, boxed, uncooked",22959,81.07969,-108.49701
HOT POCKETS,"HOT POCKETS, meatballs & mozzarella stuffed sandwich, frozen",22961,82.56051,-104.10611
LEAN POCKETS,"LEAN POCKETS, Ham N Cheddar",22962,79.798744,-105.50374
Potato salad with egg,Potato salad with egg,22971,78.82907,-103.22942
Corn dogs,"Corn dogs, frozen, prepared",22973,79.54947,-105.32138
Chicken,"Chicken, nuggets, dark and white meat, precooked, frozen, not reheated",22974,79.725746,-105.60685
Ravioli,"Ravioli, cheese with tomato sauce, frozen, not prepared, includes regular and light entrees",22976,83.14219,-103.68538
Chicken tenders,"Chicken tenders, breaded, frozen, prepared",22978,79.859695,-105.04357
RICE-A-RONI,"RICE-A-RONI, chicken flavor, unprepared",22998,80.38809,-107.65061
Beef,"Beef, chuck for stew, separable lean and fat, all grades, cooked, braised",23090,82.13642,-96.87161
Beef,"Beef, rib eye steak, boneless, lip-on, separable lean only, trimmed to 1/8"" fat, all grades, cooked, grilled",23100,82.25392,-97.743416
Beef,"Beef, rib eye steak, boneless, lip-on, separable lean and fat, trimmed to 1/8"" fat, all grades, cooked, grilled",23197,81.43993,-97.803635
Beef,"Beef, round, top round roast, boneless, separable lean and fat, trimmed to 0"" fat, all grades, raw",23327,83.72159,-98.688484
Beef,"Beef, loin, top loin steak, boneless, lip off, separable lean and fat, trimmed to 0"" fat, all grades, raw",23339,83.43086,-98.70321
Beef,"Beef, round, top round roast, boneless, separable lean and fat, trimmed to 0"" fat, all grades, cooked, roasted",23348,83.356316,-97.857605
Beef,"Beef, round, top round steak, boneless, separable lean only, trimmed to 0"" fat, all grades, raw",23354,83.825554,-98.87101
Beef,"Beef, round, top round roast, boneless, separable lean only, trimmed to 0"" fat, all grades, raw",23357,83.75587,-98.75991
Beef,"Beef, round, eye of round roast, boneless, separable lean only, trimmed to 0"" fat, all grades, raw",23360,83.85097,-98.779785
Beef,"Beef, loin, top loin steak, boneless, lip off, separable lean only, trimmed to 0"" fat, all grades, raw",23369,83.678825,-98.64251
Beef,"Beef, round, top round roast, boneless, separable lean only, trimmed to 0"" fat, all grades, cooked, roasted",23378,83.65849,-97.727325
Beef,"Beef, ground, 95% lean meat / 5% fat, raw",23557,83.2634,-98.50633
Beef,"Beef, ground, 90% lean meat / 10% fat, raw",23562,82.78755,-98.43044
Beef,"Beef, ground, 90% lean meat / 10% fat, patty, cooked, broiled",23563,82.26558,-97.39333
Beef,"Beef, ground, 85% lean meat / 15% fat, raw (Includes foods for USDA's Food Distribution Program)",23567,82.11222,-98.4229
Beef,"Beef, ground, 85% lean meat / 15% fat, patty, cooked, broiled",23568,81.78204,-97.39276
Beef,"Beef, ground, 85% lean meat / 15% fat, crumbles, cooked, pan-browned",23570,81.79686,-97.21865
Beef,"Beef, ground, 80% lean meat / 20% fat, raw",23572,81.705864,-98.415726
Beef,"Beef, ground, 80% lean meat / 20% fat, patty, cooked, broiled",23573,81.607,-97.437805
Beef,"Beef, ground, 80% lean meat / 20% fat, crumbles, cooked, pan-browned",23575,81.79239,-97.27493
Beef,"Beef, ground, 75% lean meat / 25% fat, raw",23577,81.39898,-98.7542
Beef,"Beef, ground, 75% lean meat / 25% fat, patty, cooked, broiled",23578,81.61126,-97.3758
Beef,"Beef, ground, 75% lean meat / 25% fat, crumbles, cooked, pan-browned",23580,81.451866,-97.29054
Beef,"Beef, ground, 75% lean meat / 25% fat, loaf, cooked, baked",23581,81.6674,-97.54697
Beef,"Beef, top sirloin, steak, separable lean only, trimmed to 1/8"" fat, select, cooked, broiled",23588,83.151985,-97.501915
Beef,"Beef, round, bottom round , roast, separable lean only, trimmed to 1/8"" fat, select, cooked, roasted",23590,83.470184,-97.174835
Beef,"Beef, chuck, arm pot roast, separable lean only, trimmed to 1/8"" fat, all grades, cooked, braised",23602,82.20549,-96.64667
Beef,"Beef, short loin, top loin, steak, separable lean only, trimmed to 1/8"" fat, all grades, cooked, broiled",23606,83.21169,-97.221695
Beef,"Beef, top sirloin, steak, separable lean only, trimmed to 1/8"" fat, all grades, cooked, broiled",23610,83.37934,-97.29952
Beef,"Beef, chuck, arm pot roast, separable lean only, trimmed to 1/8"" fat, choice, raw",23612,83.592705,-98.129906
Beef,"Beef, chuck, arm pot roast, separable lean only, trimmed to 1/8"" fat, choice, cooked, braised",23614,82.70662,-96.41561
Beef,"Beef, round, eye of round, roast, separable lean only, trimmed to 1/8"" fat, choice, raw",23616,83.56379,-98.2208
Beef,"Beef, top sirloin, steak, separable lean only, trimmed to 1/8"" fat, choice, raw",23625,83.95252,-98.286156
Beef,"Beef, rib, small end (ribs 10-12), separable lean only, trimmed to 1/8""fat, choice, cooked, broiled",23626,83.11731,-97.07764
Beef,"Beef, top sirloin, steak, separable lean only, trimmed to 1/8"" fat, choice, cooked, broiled",23629,82.9099,-97.20566
Beef,"Beef, chuck, arm pot roast, separable lean only, trimmed to 1/8"" fat, select, raw",23631,83.49483,-98.13342
Snacks,"Snacks, popcorn, microwave, low fat",25001,82.75168,-108.31547
Snacks,"Snacks, candy rolls, yogurt-covered, fruit flavored with high vitamin C",25003,75.75522,-97.873215
Snacks,"Snacks, sweet potato chips, unsalted",25012,84.32408,-107.44755
Snacks,"Snacks, FRITOLAY, SUNCHIPS, Multigrain Snack, original flavor",25013,81.9813,-111.46656
Formulated bar,"Formulated bar, MARS SNACKFOOD US, SNICKERS MARATHON Protein Performance Bar, Caramel Nut Rush",25015,84.13662,-110.056755
Formulated bar,"Formulated bar, POWER BAR, chocolate",25017,85.15419,-110.2541
Formulated bar,"Formulated bar, SLIM-FAST OPTIMA meal bar, milk chocolate peanut",25020,84.12176,-110.40005
Pretzels,"Pretzels, soft, unsalted",25024,79.78625,-107.61371
Snacks,"Snacks, soy chips or crisps, salted",25025,82.459076,-109.871056
Popcorn,"Popcorn, microwave, regular (butter) flavor, made with palm oil",25026,81.28922,-111.26558
Snacks,"Snacks, plantain chips, salted",25027,82.33763,-112.21361
Snacks,"Snacks, vegetable chips, HAIN CELESTIAL GROUP, TERRA CHIPS",25030,82.0043,-111.28202
Formulated bar,"Formulated bar, ZONE PERFECT CLASSIC CRUNCH BAR, mixed flavors",25031,84.00671,-110.61286
Snacks,"Snacks, granola bar, KASHI GOLEAN, chewy, mixed flavors",25032,82.203354,-109.737595
Snacks,"Snacks, granola bar, KASHI TLC Bar, chewy, mixed flavors",25033,81.977104,-110.71761
Snacks,"Snacks, granola bar, chewy, reduced sugar, all flavors",25035,79.87709,-108.86953
Snacks,"Snacks, granola bites, mixed flavors",25036,79.930725,-110.17988
Snacks,"Snacks, pita chips, salted",25037,80.88663,-110.38872
Snacks,"Snacks, granola bars, soft, almond, confectioners coating",25038,81.05393,-111.01156
Snacks,"Snacks, granola bars, QUAKER OATMEAL TO GO, all flavors",25039,82.72635,-109.78062
Snacks,"Snacks, vegetable chips, made from garden vegetables",25040,83.199554,-104.45323
Snacks,"Snacks, candy bits, yogurt covered with vitamin C",25043,75.66208,-97.483376
Formulated bar,"Formulated bar, high fiber, chewy, oats and chocolate",25045,82.84713,-108.974236
Snacks,"Snacks, bagel chips, plain",25046,80.21026,-108.82529
Snacks,"Snacks, NUTRI-GRAIN FRUIT AND NUT BAR",25048,83.05696,-110.054886
Snacks,"Snacks, CLIF BAR, mixed flavors",25051,82.632225,-109.2175
Snacks,"Snacks, granola bar, QUAKER, chewy, 90 Calorie Bar",25052,80.36464,-109.05525
Snacks,"Snacks, granola bar, GENERAL MILLS NATURE VALLEY, SWEET&SALTY NUT, peanut",25053,81.42499,-111.12065
Snacks,"Snacks, granola bar, GENERAL MILLS, NATURE VALLEY, with yogurt coating",25054,82.66331,-110.14972
Snacks,"Snacks, granola bar, GENERAL MILLS, NATURE VALLEY, CHEWY TRAIL MIX",25055,82.91389,-109.96749
Snacks,"Snacks, granola bar, QUAKER, DIPPS, all flavors",25056,79.60428,-110.37808
Snacks,"Snacks, brown rice chips",25059,81.62973,-108.76449
Snack,"Snack, Pretzel, hard chocolate coated",25060,79.604645,-109.9831
Snacks,"Snacks, potato chips, made from dried potatoes (preformed), multigrain",25063,82.23515,-112.437065
Snacks,"Snacks, potato chips, lightly salted",25064,82.0949,-112.04478
Snacks,"Snacks, Pretzels, gluten- free made with cornstarch and potato flour",25065,79.44153,-106.71075
Snacks,"Snacks, peas, roasted, wasabi-flavored",25066,83.03385,-107.45582
Formulated Bar,"Formulated Bar, SOUTH BEACH protein bar",25067,83.521645,-107.86739
Snack,"Snack, BALANCE, original bar",25068,83.68581,-110.52767
Snacks,"Snacks, shrimp cracker",25070,81.08551,-110.90202
Rice crackers,Rice crackers,25071,81.218,-108.73604
Soup,"Soup, egg drop, Chinese restaurant",27000,79.85408,-97.9273
Soup,"Soup, hot and sour, Chinese restaurant",27001,79.491425,-98.50707
Soup,"Soup, wonton, Chinese restaurant",27002,79.34536,-98.11565
Soup,"Soup, ramen noodle, dry, any flavor, reduced fat, reduced sodium",27035,80.36786,-107.33631
Soup,"Soup, clam chowder, new england, reduced sodium, canned, ready-to-serve",27043,80.18611,-98.75802
Soup,"Soup, chicken noodle, reduced sodium, canned, ready-to-serve",27044,84.17116,-105.24407
Sauce,"Sauce, duck, ready-to-serve",27046,75.84749,-99.673164
Sauce,"Sauce, salsa, verde, ready-to-serve",27047,81.72868,-103.69116
Sauce,"Sauce, steak, tomato based",27048,83.0579,-104.3477
Sauce,"Sauce, tartar, ready-to-serve",27049,81.03003,-113.52189
Sauce,"Sauce, sweet and sour, ready-to-serve",27050,77.73933,-101.03395
Sauce,"Sauce, cocktail, ready-to-serve",27051,83.46946,-103.58607
Dip,"Dip, salsa con queso, cheese and salsa- medium",27052,79.0629,-102.65574
Sauce,"Sauce, peanut, made from peanut butter, water, soy sauce",27059,79.192245,-104.70656
Soup,"Soup, chunky vegetable, reduced sodium, canned, ready-to-serve",27060,83.69012,-105.116745
Soup,"Soup, beef barley, ready to serve",27062,81.73702,-102.980545
Sauce,"Sauce, enchilada, red, mild, ready to serve",27063,83.42594,-104.22327
Wasabi,Wasabi,27064,80.90423,-103.12071
Dip,"Dip, bean, original flavor",27065,80.7992,-104.281006
Sauce,"Sauce, horseradish",27066,81.68812,-112.787605
Bread,"Bread, chapati or roti, whole wheat, commercially prepared, frozen",28285,81.630615,-107.810844
Bread,"Bread, paratha, whole wheat, commercially prepared, frozen",28286,81.19348,-107.41581
Bread,"Bread, naan, whole wheat, commercially prepared, refrigerated",28287,80.90352,-107.56764
Bread,"Bread, roll, Mexican, bollilo",28288,80.12696,-107.398926
Cookie,"Cookie, vanilla with caramel, coconut, and chocolate coating",28289,79.244316,-111.6444
Cookie,"Cookie, with peanut butter filling, chocolate-coated",28290,80.42059,-111.97089
Cookies,"Cookies, animal, with frosting or icing",28291,78.966,-111.209625
Crackers,"Crackers, multigrain",28292,81.85335,-112.07764
Cookie,"Cookie, butter or sugar, with chocolate icing or filling",28293,79.18928,-110.98588
Cookie,"Cookie, chocolate, with icing or coating",28294,79.08881,-111.134796
Tortillas,"Tortillas, ready-to-bake or -fry, whole wheat",28295,82.17035,-108.50787
Cake,"Cake, snack cakes, creme-filled, chocolate with frosting, low-fat, with added fiber",28296,81.20739,-109.10135
Cake,"Cake, snack cakes, not chocolate, with icing or filling, low-fat, with added fiber",28297,81.11737,-109.00213
Cookies,"Cookies, brownies, commercially prepared, reduced fat, with added fiber",28298,80.20566,-108.65187
Cookies,"Cookies, chocolate sandwich, with creme filling, reduced fat",28299,78.88628,-109.03294
Cookies,"Cookies, oatmeal sandwich, with creme filling",28300,78.837715,-109.94665
Cookies,"Cookies, peanut butter, commercially prepared, sugar free",28301,81.92994,-112.484886
Cookies,"Cookies, graham crackers, plain or honey, lowfat",28302,81.21326,-108.74208
Crackers,"Crackers, cheese, whole grain",28303,81.21788,-110.19802
Waffles,"Waffles, whole wheat, lowfat, frozen, ready-to-heat",28304,82.18468,-108.25213
Cookies,"Cookies, coconut macaroon",28309,78.67384,-111.6153
Cookies,"Cookies, shortbread, reduced fat",28310,79.465805,-109.386116
Cookies,"Cookies, sugar wafer, chocolate-covered",28311,78.7944,-111.330086
Rolls,"Rolls, hamburger or hot dog, wheat/cracked wheat",28312,80.57005,-107.21661
Rolls,"Rolls, hamburger or hot dog, whole wheat",28313,81.42975,-108.05174
Crackers,"Crackers, sandwich-type, peanut butter filled, reduced fat",28314,80.07413,-109.335205
Bread,"Bread, cinnamon",28315,79.44406,-106.358406
Bread,"Bread, wheat, sprouted",28316,81.161606,-107.09902
Bread,"Bread, french or vienna, whole wheat",28318,80.61329,-107.313126
Rolls,"Rolls, hamburger, whole grain white, calcium-fortified",28321,80.18415,-106.75901
Pancakes,"Pancakes, whole wheat, dry mix, incomplete",28324,81.66848,-108.99262
Crackers,"Crackers, whole grain, sandwich-type, with peanut butter filling",28326,81.979836,-110.906006
Crackers,"Crackers, water biscuits",28327,79.82155,-107.855896
Cookies,"Cookies, chocolate chip sandwich, with creme filling",28328,78.497574,-109.41248
Cookies,"Cookies, chocolate, made with rice cereal",28329,78.88022,-110.59224
Cookies,"Cookies, marshmallow, with rice cereal and chocolate chips",28330,79.27321,-110.19404
Cookies,"Cookies, gluten-free, chocolate sandwich, with creme filling",28332,78.444885,-110.021706
Bread,"Bread, gluten-free, white, made with rice flour, corn starch, and/or tapioca",28337,79.58832,-106.22393
Rolls,"Rolls, gluten-free, white, made with rice flour, rice starch, and corn starch",28341,79.88496,-106.430954
Crackers,"Crackers, gluten-free, multi-seeded and multigrain",28345,82.156456,-110.61068
Waffles,"Waffles, gluten-free, frozen, ready-to-heat",28346,79.01952,-105.095726
Pancakes,"Pancakes, gluten-free, frozen, ready-to-heat",28347,78.95952,-104.3675
Rolls,"Rolls, dinner, sweet",28348,79.841286,-107.314064
Cookies,"Cookies, oatmeal, reduced fat",28349,81.689606,-108.83972
Cookies,"Cookies, chocolate cream covered biscuit sticks",28350,80.58733,-111.62525
Cookies,"Cookies, Marie biscuit",28351,79.875084,-108.69603
Cookies,"Cookies, vanilla sandwich with creme filling, reduced fat",28352,78.93824,-109.02623
Bread,"Bread, multi-grain (includes whole-grain)",28397,81.71397,-108.01305
Cookies,"Cookies, animal crackers (includes arrowroot, tea biscuits)",28399,79.36395,-109.06679
Sweet Potatoes,"Sweet Potatoes, french fried, frozen as packaged, salt added in processing",31023,84.49816,-106.40456
Ginger root,"Ginger root, pickled, canned, with artificial sweetener",31033,81.20798,-102.09452
Peppers,"Peppers, hot pickled, canned",31034,83.694466,-105.74752
Potatoes,"Potatoes, mashed, ready-to-eat",31036,79.41539,-102.64986
Rice and vermicelli mix,"Rice and vermicelli mix, rice pilaf flavor, unprepared",32002,80.587944,-107.51222
Taquitos,"Taquitos, frozen, chicken and cheese, oven-heated",32006,79.562744,-105.66076
Taquitos,"Taquitos, frozen, beef and cheese, oven-heated",32007,79.59885,-105.54478
Pasta mix,"Pasta mix, classic cheeseburger macaroni, unprepared",32008,80.53163,-106.88025
Pasta mix,"Pasta mix, classic beef, unprepared",32009,80.8254,-106.85164
Pasta mix,"Pasta mix, Italian lasagna, unprepared",32010,80.71634,-107.027016
Yellow rice with seasoning,"Yellow rice with seasoning, dry packet mix, unprepared",32011,81.50543,-108.09923
Pizza rolls,"Pizza rolls, frozen, unprepared",32012,83.328575,-103.85001
Potsticker or wonton,"Potsticker or wonton, pork and vegetable, frozen, unprepared",32013,80.01458,-104.01368
Macaroni or noodles with cheese,"Macaroni or noodles with cheese, made from reduced fat packaged mix, unprepared",32014,80.499504,-108.1069
Turnover,"Turnover, cheese-filled, tomato-based sauce, frozen, unprepared",32015,82.78589,-103.92097
Macaroni or noodles with cheese,"Macaroni or noodles with cheese, microwaveable, unprepared",32016,80.96288,-108.840034
Rice mix,"Rice mix, cheese flavor, dry mix, unprepared",32024,81.418205,-108.93289
Dumpling,"Dumpling, potato- or cheese-filled, frozen",32025,78.87387,-103.77661
Turnover,"Turnover, chicken- or turkey-, and vegetable-filled, reduced fat, frozen",32026,79.28849,-104.31837
Turnover,"Turnover, meat- and cheese-filled, tomato-based sauce, reduced fat, frozen",32027,79.69737,-105.39494
Turnover,"Turnover, filled with egg, meat and cheese, frozen",32028,79.32097,-104.68503
Salisbury steak with gravy,"Salisbury steak with gravy, frozen",32031,78.80414,-102.37211
Sausage,"Sausage, egg and cheese breakfast biscuit",32032,80.196106,-112.8435
Infant Formula,"Infant Formula, MEAD JOHNSON, ENFAMIL, Premium LIPIL, Infant, powder",33863,81.910225,-110.32464
Infant formula,"Infant formula, MEAD JOHNSON, ENFAMIL, ENFAGROW, GENTLEASE, Toddler, LIPIL, powder",33866,81.72459,-110.039085
Infant formula,"Infant formula, GERBER, GOOD START, PROTECT PLUS, powder",33867,82.16264,-110.43013
Infant Formula,"Infant Formula, GERBER GOOD START 2, GENTLE PLUS, powder",33868,81.62774,-110.101944
Infant formula,"Infant formula, MEAD JOHNSON, ENFAMIL, ENFAGROW, Soy, Toddler, LIPIL, powder",33870,81.93881,-109.996925
Infant formula,"Infant formula, ABBOTT NUTRITION, SIMILAC, GO AND GROW, powder, with ARA and DHA",33871,81.76371,-110.23876
Infant formula,"Infant formula, MEAD JOHNSON, ENFAMIL, NUTRAMIGEN, AA LIPIL, powder, not reconstituted",33873,82.15238,-110.40598
Infant formula,"Infant formula, MEAD JOHNSON, ENFAMIL, Premature, 20 calories ready-to-feed Low iron",33874,78.16676,-98.53303
Babyfood,"Babyfood, GERBER, Banana with orange medley",33878,78.8332,-101.35168
Restaurant,"Restaurant, family style, fried mozzarella sticks",36012,80.67459,-106.085976
Restaurant,"Restaurant, family style, french fries",36014,78.9851,-105.57187
Restaurant,"Restaurant, family style, shrimp, breaded and fried",36016,80.262276,-106.0675
Restaurant,"Restaurant, family style, macaroni & cheese, from kids' menu",36017,78.48755,-102.71935
Restaurant,"Restaurant, family style, fish fillet, battered or breaded, fried",36033,79.82397,-104.64448
Restaurant,"Restaurant, family style, coleslaw",36035,83.71697,-105.89959
Restaurant,"Restaurant, family style, chili with meat and beans",36037,83.53477,-104.0788
Restaurant,"Restaurant, Italian, lasagna with meat",36041,82.64887,-104.01497
Restaurant,"Restaurant, Latino, empanadas, beef, prepared",36403,80.15292,-105.50787
Restaurant,"Restaurant, Latino, pupusas con queso (pupusas, cheese)",36409,80.46427,-105.46765
Restaurant,"Restaurant, Latino, pupusas del cerdo (pupusas, pork)",36410,81.683014,-104.367775
Restaurant,"Restaurant, Latino, tamale, corn",36411,78.926476,-103.56454
Restaurant,"Restaurant, Mexican, spanish rice",36417,79.289314,-103.39148
Restaurant,"Restaurant, Mexican, refried beans",36418,81.176765,-106.10301
Restaurant,"Restaurant, Chinese, fried rice, without meat",36602,78.76179,-102.841965
Restaurant,"Restaurant, Chinese, beef and vegetables",36603,83.99287,-105.68224
Restaurant,"Restaurant, Chinese, general tso's chicken",36618,79.44094,-105.39425
Restaurant,"Restaurant, Chinese, kung pao chicken",36619,84.72299,-105.24178
Restaurant,"Restaurant, Chinese, sweet and sour chicken",36621,79.056694,-105.08919
Restaurant,"Restaurant, Chinese, vegetable chow mein, without meat or noodles",36624,81.33568,-102.89503
Restaurant,"Restaurant, Chinese, vegetable lo mein, without meat",36625,79.06148,-102.67196
Restaurant,"Restaurant, Chinese, chicken and vegetables",36626,82.5097,-106.18556
Restaurant,"Restaurant, Chinese, orange chicken",36629,79.596405,-105.11764
Restaurant,"Restaurant, Chinese, sesame chicken",36633,79.25523,-105.465126
Syrups,"Syrups, grenadine",42040,75.33784,-98.57828
Beverages,"Beverages, fruit-flavored drink, dry powdered mix, low calorie, with aspartame",42055,80.970146,-108.41881
Creamy dressing,"Creamy dressing, made with sour cream and/or buttermilk and oil, reduced calorie",42116,80.79279,-113.61448
Imitation cheese,"Imitation cheese, american or cheddar, low cholesterol",42117,81.23158,-111.51866
Babyfood,"Babyfood, banana juice with low fat yogurt",42119,78.8776,-100.43004
Babyfood,"Babyfood, mixed fruit juice with low fat yogurt",42120,79.33416,-99.92304
Turkey ham,"Turkey ham, sliced, extra lean, prepackaged or deli-sliced",42128,82.45272,-101.67042
Whipped topping,"Whipped topping, frozen, low fat",42135,76.758514,-101.867615
Cream substitute,"Cream substitute, powdered, light",42136,74.28994,-98.31023
Granola bar,"Granola bar, soft, milk chocolate coated, peanut butter",42139,80.33704,-111.65268
Salad dressing,"Salad dressing, italian dressing, reduced calorie",42140,81.27029,-113.60692
Cream substitute,"Cream substitute, liquid, light",42141,78.65638,-99.34885
Candies,"Candies, MARS SNACKFOOD US, M&M's Peanut Butter Chocolate Candies",42148,79.29219,-111.36698
Babyfood,"Babyfood, apple yogurt dessert, strained",42150,79.48818,-100.31771
Cheese,"Cheese, monterey, low fat",42155,80.63954,-110.12596
Creamy dressing,"Creamy dressing, made with sour cream and/or buttermilk and oil, reduced calorie, fat-free",42157,80.24996,-102.549324
Bologna,"Bologna, beef, low fat",42161,81.455444,-101.32398
Sausage,"Sausage, turkey and pork, fresh, bulk, patty or link, cooked",42173,81.57489,-98.18596
Candies,"Candies, MARS SNACKFOOD US, TWIX chocolate fudge cookie bars",42183,81.24721,-112.274994
Frozen yogurts,"Frozen yogurts, chocolate",42186,77.243835,-100.859726
Frozen yogurts,"Frozen yogurts, flavors other than chocolate",42187,77.01049,-100.57139
Milk,"Milk, buttermilk, fluid, cultured, reduced fat",42189,77.34288,-98.32811
Salad dressing,"Salad dressing, blue or roquefort cheese dressing, fat-free",42192,79.7211,-102.52387
Salad Dressing,"Salad Dressing, mayonnaise-like, fat-free",42193,79.46211,-101.783775
Candies,"Candies, MARS SNACKFOOD US, MILKY WAY Midnight Bar",42196,78.65566,-110.510414
Papad,Papad,42200,82.699776,-109.14333
Rice cake,"Rice cake, cracker (include hain mini rice cakes)",42204,81.54223,-109.05632
Candies,"Candies, MARS SNACKFOOD US, M&M's Almond Chocolate Candies",42227,81.253944,-111.24738
Salad Dressing,"Salad Dressing, coleslaw, reduced fat",42230,78.26001,-108.42956
Oil,"Oil, flaxseed, cold pressed",42231,81.801445,-112.8125
Cereals ready-to-eat,"Cereals ready-to-eat, frosted oat cereal with marshmallows",42236,84.80924,-109.98459
Cereals ready-to-eat,"Cereals ready-to-eat, POST, HONEY BUNCHES OF OATS, with almonds",42240,84.49297,-109.62984
Snacks,"Snacks, popcorn, home-prepared, oil-popped, unsalted",42259,82.19291,-112.110825
Cereals ready-to-eat,"Cereals ready-to-eat, POST, GREAT GRAINS, Raisin, Date & Pecan",42265,83.74713,-109.33247
Babyfood,"Babyfood, juice, apple-sweet potato",42266,84.506386,-106.30105
Babyfood,"Babyfood, juice, orange-carrot",42267,84.729256,-105.4883
Snacks,"Snacks, granola bar, with coconut, chocolate coated",42272,79.5591,-112.12817
Babyfood,"Babyfood, vegetable and brown rice, strained",42278,82.7186,-105.89333
Babyfood,"Babyfood, peas and brown rice",42279,83.28211,-106.960205
Frankfurter,"Frankfurter, meat and poultry, low fat",42280,82.13334,-101.38625
Snacks,"Snacks, potato chips, white, restructured, baked",42283,81.46012,-110.03514
Babyfood,"Babyfood, baked product, finger snacks cereal fortified",42284,83.45875,-109.13311
Babyfood,"Babyfood, cereal, brown rice, dry, instant",42285,83.598045,-108.83553
Milk,"Milk, fluid, nonfat, calcium fortified (fat free or skim)",42290,77.24874,-98.16915
Cereals ready-to-eat,"Cereals ready-to-eat, POST GREAT GRAINS Banana Nut Crunch",42297,83.81702,-109.21052
Cheese,"Cheese, muenster, low fat",42303,80.523796,-110.00959
Cheese,"Cheese, mozzarella, nonfat",42304,80.462006,-109.05707
Babyfood,"Babyfood, carrots, toddler",42316,84.69252,-105.80521
Babyfood,"Babyfood, dessert, banana pudding, strained",43004,78.80914,-100.29868
Babyfood,"Babyfood, fruit, tutti frutti, strained",43006,79.12804,-100.2027
Babyfood,"Babyfood, fruit, tutti frutti, junior",43007,79.17238,-100.30476
Babyfood,"Babyfood, dinner, chicken and rice",43008,84.29931,-105.28786
Salad dressing,"Salad dressing, caesar dressing, regular",43015,81.63168,-112.969734
Salad dressing,"Salad dressing, coleslaw",43016,81.73711,-113.14819
Salad dressing,"Salad dressing, green goddess, regular",43017,81.637,-113.29792
Salad dressing,"Salad dressing, blue or roquefort cheese, low calorie",43020,80.432465,-102.22012
Salad dressing,"Salad dressing, caesar, low calorie",43021,80.69914,-102.64769
Syrups,"Syrups, sugar free",43026,79.95874,-98.29071
Jellies,"Jellies, no sugar (with sodium saccharin), any flavors",43027,78.83783,-101.67411
Candies,"Candies, chocolate covered, caramel with nuts",43031,80.90229,-111.065125
Candies,"Candies, nougat, with almonds",43046,75.0658,-98.13699
Candies,"Candies, gum drops, no sugar or low calorie (sorbitol)",43057,74.49003,-97.02306
Candies,"Candies, hard, dietetic or low calorie (sorbitol)",43058,78.675156,-107.030594
Candies,"Candies, chocolate covered, low sugar or low calorie",43059,80.86198,-111.70011
Chewing gum,"Chewing gum, sugarless",43060,78.73592,-106.95669
Fluid replacement,"Fluid replacement, electrolyte solution (include PEDIALYTE)",43075,80.08515,-97.23632
Breakfast bars,"Breakfast bars, oats, sugar, raisins, coconut (include granola bar)",43100,79.76941,-110.72663
Vermicelli,"Vermicelli, made from soy",43114,79.93825,-108.0615
Beans,"Beans, liquid from stewed kidney beans",43125,80.00542,-101.69514
Chicken,"Chicken, meatless",43128,82.73624,-100.519516
Frankfurter,"Frankfurter, meatless",43130,82.434784,-100.849686
Luncheon slices,"Luncheon slices, meatless",43131,83.061005,-101.82517
Meatballs,"Meatballs, meatless",43132,82.68462,-101.2301
Vegetarian fillets,Vegetarian fillets,43134,83.49032,-101.25424
Sandwich spread,"Sandwich spread, meatless",43135,83.157845,-101.60992
Vegetarian meatloaf or patties,Vegetarian meatloaf or patties,43137,83.29527,-101.212105
Alcoholic beverage,"Alcoholic beverage, wine, light",43155,80.03531,-97.546646
Sweeteners,"Sweeteners, tabletop, saccharin (sodium saccharin)",43158,74.26808,-96.45728
Beverage,"Beverage, instant breakfast powder, chocolate, not reconstituted",43205,82.952965,-110.25267
Bacon bits,"Bacon bits, meatless",43212,82.08143,-111.35561
Butter replacement,"Butter replacement, without fat, powder",43214,78.757614,-106.54808
Beverage,"Beverage, instant breakfast powder, chocolate, sugar-free, not reconstituted",43260,83.64192,-110.36486
Cheese,"Cheese, cream, low fat",43274,77.260086,-101.64398
Cheese spread,"Cheese spread, cream cheese base",43276,79.87749,-112.62492
Quail,"Quail, cooked, total edible",43282,83.412575,-97.930885
Pheasant,"Pheasant, cooked, total edible",43283,83.82706,-97.4966
Dove,"Dove, cooked (includes squab)",43287,83.366684,-97.81809
Soybean,"Soybean, curd cheese",43299,81.62639,-108.40805
Potatoes,"Potatoes, canned, drained solids, no salt added",43311,79.986115,-102.544464
Salad dressing,"Salad dressing, bacon and tomato",43331,81.77614,-113.23156
Jams,"Jams, preserves, marmalade, reduced sugar",43344,76.497826,-100.23078
Beverages,"Beverages, fruit-flavored drink, powder, with high vitamin C with other added vitamins, low calorie",43345,84.76901,-110.53162
Frozen novelties,"Frozen novelties, juice type, orange",43346,77.96933,-100.69553
Cheese,"Cheese, cottage, lowfat, 1% milkfat, no sodium added",43352,77.58391,-97.96807
Tomato and vegetable juice,"Tomato and vegetable juice, low sodium",43365,83.418015,-103.76764
Turkey,"Turkey, wing, smoked, cooked, with skin, bone removed",43366,83.53905,-97.5816
Turkey,"Turkey, drumstick, smoked, cooked, with skin, bone removed",43367,83.1134,-97.92227
Beverages,"Beverages, Chocolate-flavored drink, whey and milk based",43369,78.59559,-99.2725
Babyfood,"Babyfood, dinner, chicken and noodle with vegetables, toddler",43373,84.97009,-105.804184
Pork,"Pork, cured, bacon, cooked, broiled, pan-fried or roasted, reduced sodium",43378,80.74389,-111.76449
Cranberry juice,"Cranberry juice, unsweetened",43382,78.89745,-99.69553
Turnip greens,"Turnip greens, canned, no salt added",43387,83.591576,-106.37948
Turkey,"Turkey, light or dark meat, smoked, cooked, with skin, bone removed",43390,83.74758,-97.79623
Turkey,"Turkey, light or dark meat, smoked, cooked, skin and bone removed",43391,83.93648,-97.895004
Hearts of palm,"Hearts of palm, raw",43392,81.71556,-107.94098
Cheese,"Cheese, pasteurized process, cheddar or American, low sodium",43398,80.0793,-111.210724
Beverages,"Beverages, coffee, instant, with whitener, reduced calorie",43401,78.99657,-111.76
Beverages,"Beverages, cranberry-apple juice drink, low calorie, with vitamin C added",43404,80.516075,-99.01014
Cheese,"Cheese, swiss, low sodium",43405,80.58249,-110.12855
Yeast extract spread,Yeast extract spread,43406,85.11693,-109.77768
Babyfood,"Babyfood, juice, pear",43408,80.66109,-99.733
Chicken,"Chicken, meatless, breaded, fried",43410,83.35069,-100.867424
Babyfood,"Babyfood, meat, beef with vegetables, toddler",43417,84.13051,-104.865265
Babyfood,"Babyfood, dinner, macaroni, beef and tomato sauce, toddler",43432,80.32833,-102.72992
Rolls,"Rolls, pumpernickel",43441,81.058304,-107.69454
Beans,"Beans, baked, canned, no salt added",43449,81.8716,-104.51684
Tofu yogurt,Tofu yogurt,43476,78.18583,-98.92311
Alcoholic beverage,"Alcoholic beverage, rice (sake)",43479,80.20115,-97.81788
Frozen novelties,"Frozen novelties, ice cream type, chocolate or caramel covered, with nuts",43506,78.85988,-110.84416
Frankfurter,"Frankfurter, low sodium",43507,80.13818,-113.01755
Frozen novelties,"Frozen novelties, ice type, pop, with low calorie sweetener",43514,80.12348,-97.67101
Babyfood,"Babyfood, mixed fruit yogurt, strained",43523,78.57971,-100.42313
Beverages,"Beverages, ABBOTT, ENSURE PLUS, ready-to-drink",43528,77.6498,-99.93593
Babyfood,"Babyfood, rice and apples, dry",43529,84.047516,-108.845436
Babyfood,"Babyfood, juice, apple - cherry",43535,80.38142,-99.81262
Babyfood,"Babyfood, dessert, peach yogurt",43536,78.44984,-100.33273
Babyfood,"Babyfood, dessert, blueberry yogurt, strained",43537,78.33663,-100.00837
Babyfood,"Babyfood, dessert, banana yogurt, strained",43539,78.3705,-100.52182
Ice creams,"Ice creams, chocolate, rich",43541,77.205154,-102.59911
Babyfood,"Babyfood, cereal, rice with pears and apple, dry, instant fortified",43544,83.70753,-108.988976
Babyfood,"Babyfood, banana no tapioca, strained",43546,78.76156,-101.412254
Babyfood,"Babyfood, banana apple dessert, strained",43550,78.33856,-100.296036
Cereals ready-to-eat,"Cereals ready-to-eat, POST, HONEY BUNCHES OF OATS, honey roasted",43570,84.58788,-109.72468
Babyfood,"Babyfood, fruit supreme dessert",43585,78.40828,-100.90948
Cheese,"Cheese, swiss, low fat",43589,80.74197,-109.55535
Breakfast bar,"Breakfast bar, corn flake crust with fruit",43595,84.11128,-110.42608
Cheese,"Cheese, mozzarella, low sodium",43597,80.9217,-110.03458
Puddings,"Puddings, chocolate flavor, low calorie, instant, dry mix",44061,81.2583,-108.93805
Babyfood,"Babyfood, grape juice, no sugar, canned",44074,79.725075,-100.12178
Pie fillings,"Pie fillings, blueberry, canned",44158,75.94411,-99.84989
Beverages,"Beverages, Cocktail mix, non-alcoholic, concentrated, frozen",44203,75.59011,-99.6418
Puddings,"Puddings, all flavors except chocolate, low calorie, instant, dry mix",44260,80.95498,-108.311195
Frog legs,"Frog legs, raw",80200,82.56286,-99.832825
Mollusks,"Mollusks, scallop, (bay and sea), cooked, steamed",90240,83.10302,-99.14993
Mollusks,"Mollusks, snail, raw",90560,81.874374,-108.03663
Turtle,"Turtle, green, raw",93600,82.79181,-99.77031
Sausage,"Sausage, pork, chorizo, link or ground, cooked, pan-fried",100173,80.75307,-111.98958
REDUCED SODIUM: Ham,"REDUCED SODIUM: Ham, sliced, pre-packaged, deli meat (96%fat free, water added)",907028,82.857285,-100.84509
REDUCED SODIUM: Roast beef,"REDUCED SODIUM: Roast beef, deli style, prepackaged, sliced",907043,83.15655,-99.943565
REDUCED SODIUM: Pepperoni,"REDUCED SODIUM: Pepperoni, beef and pork, sliced",907057,81.040535,-112.29463
REDUCED SODIUM: Salami,"REDUCED SODIUM: Salami, dry or hard, pork, beef",907072,80.66222,-112.20357
REDUCED SODIUM: Turkey breast,"REDUCED SODIUM: Turkey breast, sliced, prepackaged",907081,82.59047,-100.72084
REDUCED SODIUM: Chicken breast,"REDUCED SODIUM: Chicken breast, deli, rotisserie seasoned, sliced, prepackaged",907961,83.06044,-100.64793
REDUCED SODIUM: Bologna,"REDUCED SODIUM: Bologna, meat and poultry",907971,79.86904,-113.011826
REDUCED SODIUM: Nuts,"REDUCED SODIUM: Nuts, almond butter, plain, with salt added",912695,81.88259,-111.56613
Vitamin D as ingredient,Vitamin D as ingredient,999328,78.661964,-101.30549
